date,node_id,num_households,day_of_week,is_weekend,is_holiday,waste_organic_kg,waste_recyclable_kg,waste_other_kg
2026-03-19,P01,45,3,0,0,29.6,10.7,13.4
2026-03-20,P01,45,4,0,0,31.1,10.7,11.9
2026-03-21,P01,45,5,1,0,37.9,10.6,13.3
2026-03-22,P01,45,6,1,0,37.5,11.0,14.8
2026-03-23,P01,45,0,0,0,31.0,10.9,12.7
2026-03-24,P01,45,1,0,0,28.0,11.1,15.0
2026-03-25,P01,45,2,0,0,29.9,10.7,14.1
2026-03-26,P01,45,3,0,0,27.2,10.6,14.1
2026-03-27,P01,45,4,0,0,31.4,10.6,14.0
2026-03-28,P01,45,5,1,0,37.7,11.5,12.3
2026-03-29,P01,45,6,1,0,38.3,9.5,10.7
2026-03-30,P01,45,0,0,0,28.7,10.0,14.5
2026-03-31,P01,45,1,0,0,31.0,9.8,14.5
2026-04-01,P01,45,2,0,0,28.0,10.8,13.2
2026-04-02,P01,45,3,0,0,30.0,11.5,14.2
2026-04-03,P01,45,4,0,0,30.4,11.4,14.1
2026-04-04,P01,45,5,1,0,36.1,10.2,13.0
2026-04-05,P01,45,6,1,0,38.2,10.6,16.1
2026-04-06,P01,45,0,0,0,28.3,9.9,14.4
2026-04-07,P01,45,1,0,0,32.4,11.3,14.5
2026-04-08,P01,45,2,0,0,32.4,10.8,12.0
2026-04-09,P01,45,3,0,0,28.9,11.7,12.0
2026-04-10,P01,45,4,0,0,29.9,11.1,13.2
2026-04-11,P01,45,5,1,0,38.6,11.3,16.1
2026-04-12,P01,45,6,1,0,38.4,10.3,12.9
2026-04-13,P01,45,0,0,0,28.3,11.7,12.9
2026-04-14,P01,45,1,0,0,29.7,11.5,12.8
2026-04-15,P01,45,2,0,0,29.3,9.2,12.4
2026-04-16,P01,45,3,0,0,28.8,11.2,14.8
2026-04-17,P01,45,4,0,0,29.8,11.1,13.7
2026-04-18,P01,45,5,1,0,39.2,11.6,13.8
2026-04-19,P01,45,6,1,0,35.5,11.6,14.0
2026-04-20,P01,45,0,0,0,32.0,10.8,15.7
2026-04-21,P01,45,1,0,0,29.2,12.2,13.7
2026-04-22,P01,45,2,0,0,28.9,9.9,13.4
2026-04-23,P01,45,3,0,0,32.4,11.5,14.3
2026-04-24,P01,45,4,0,0,25.6,11.5,14.2
2026-04-25,P01,45,5,1,0,36.3,10.3,13.5
2026-04-26,P01,45,6,1,0,40.3,9.9,13.1
2026-04-27,P01,45,0,0,0,32.2,10.5,13.2
2026-04-28,P01,45,1,0,0,30.0,9.8,13.8
2026-04-29,P01,45,2,0,0,27.6,11.6,13.6
2026-04-30,P01,45,3,0,0,33.9,11.1,15.0
2026-05-01,P01,45,4,0,0,27.5,10.7,13.9
2026-05-02,P01,45,5,1,0,40.4,9.4,14.6
2026-05-03,P01,45,6,1,0,38.3,12.2,14.3
2026-05-04,P01,45,0,0,0,29.9,10.4,12.2
2026-05-05,P01,45,1,0,0,30.2,10.7,15.7
2026-05-06,P01,45,2,0,0,28.7,11.1,11.8
2026-05-07,P01,45,3,0,0,29.1,11.1,14.4
2026-05-08,P01,45,4,0,0,32.4,10.8,12.3
2026-05-09,P01,45,5,1,0,38.1,11.3,14.1
2026-05-10,P01,45,6,1,0,36.0,11.8,13.6
2026-05-11,P01,45,0,0,0,31.1,11.9,14.2
2026-05-12,P01,45,1,0,0,30.3,12.7,13.8
2026-05-13,P01,45,2,0,0,29.3,10.9,15.2
2026-05-14,P01,45,3,0,0,30.0,11.3,14.8
2026-05-15,P01,45,4,0,0,28.9,9.3,13.9
2026-05-16,P01,45,5,1,0,37.7,10.3,14.5
2026-05-17,P01,45,6,1,0,38.3,10.0,14.1
2026-05-18,P01,45,0,0,0,29.5,9.6,14.0
2026-05-19,P01,45,1,0,0,29.7,10.2,14.1
2026-05-20,P01,45,2,0,0,30.7,10.3,14.0
2026-05-21,P01,45,3,0,0,31.6,10.2,14.0
2026-05-22,P01,45,4,0,0,29.8,12.8,11.5
2026-05-23,P01,45,5,1,0,38.5,10.6,13.4
2026-05-24,P01,45,6,1,0,40.7,10.8,16.0
2026-05-25,P01,45,0,0,0,29.0,11.1,13.0
2026-05-26,P01,45,1,0,0,28.6,10.9,13.2
2026-05-27,P01,45,2,0,0,30.2,9.0,15.7
2026-05-28,P01,45,3,0,0,29.5,12.4,12.5
2026-05-29,P01,45,4,0,0,30.3,13.6,12.6
2026-05-30,P01,45,5,1,0,34.6,10.4,14.1
2026-05-31,P01,45,6,1,0,38.5,12.0,13.3
2026-06-01,P01,45,0,0,0,26.9,10.5,14.9
2026-06-02,P01,45,1,0,0,30.6,9.1,13.5
2026-06-03,P01,45,2,0,0,32.3,12.7,14.2
2026-06-04,P01,45,3,0,0,30.4,9.8,12.6
2026-06-05,P01,45,4,0,0,29.9,11.3,14.2
2026-06-06,P01,45,5,1,0,36.4,9.8,12.7
2026-06-07,P01,45,6,1,0,35.2,11.4,11.0
2026-06-08,P01,45,0,0,0,29.2,11.2,15.2
2026-06-09,P01,45,1,0,0,29.9,11.7,13.1
2026-06-10,P01,45,2,0,0,28.5,10.3,15.2
2026-06-11,P01,45,3,0,0,31.6,11.3,17.2
2026-06-12,P01,45,4,0,0,29.8,11.4,13.9
2026-06-13,P01,45,5,1,0,36.9,12.8,15.2
2026-06-14,P01,45,6,1,0,34.8,10.5,14.0
2026-06-15,P01,45,0,0,0,31.2,9.7,11.1
2026-06-16,P01,45,1,0,0,26.4,10.8,13.4
2026-06-17,P01,45,2,0,0,30.4,10.2,12.2
2026-06-18,P01,45,3,0,0,26.2,11.1,14.0
2026-06-19,P01,45,4,0,0,31.6,11.5,13.3
2026-06-20,P01,45,5,1,0,39.7,10.7,12.8
2026-06-21,P01,45,6,1,0,36.3,10.3,11.2
2026-06-22,P01,45,0,0,0,30.1,11.1,13.2
2026-06-23,P01,45,1,0,0,28.5,11.2,15.4
2026-06-24,P01,45,2,0,0,29.9,10.4,12.9
2026-06-25,P01,45,3,0,0,29.7,9.7,13.4
2026-06-26,P01,45,4,0,0,29.9,12.4,14.6
2026-06-27,P01,45,5,1,0,39.1,10.2,14.3
2026-06-28,P01,45,6,1,0,35.2,11.1,14.0
2026-06-29,P01,45,0,0,0,28.4,12.6,14.2
2026-06-30,P01,45,1,0,0,26.4,11.3,13.1
2026-07-01,P01,45,2,0,0,29.8,11.2,14.0
2026-07-02,P01,45,3,0,0,26.2,9.8,14.4
2026-07-03,P01,45,4,0,0,32.1,12.5,15.5
2026-07-04,P01,45,5,1,0,33.6,11.5,11.5
2026-07-05,P01,45,6,1,0,40.1,11.1,12.3
2026-07-06,P01,45,0,0,0,33.4,11.4,11.5
2026-07-07,P01,45,1,0,0,30.3,10.2,13.7
2026-07-08,P01,45,2,0,0,29.0,12.0,12.0
2026-07-09,P01,45,3,0,0,30.4,12.4,12.7
2026-07-10,P01,45,4,0,0,30.2,11.0,12.8
2026-07-11,P01,45,5,1,0,38.4,10.9,12.5
2026-07-12,P01,45,6,1,0,40.4,11.5,13.4
2026-07-13,P01,45,0,0,0,28.7,10.2,14.9
2026-07-14,P01,45,1,0,0,29.5,11.2,13.4
2026-07-15,P01,45,2,0,0,30.9,10.7,14.4
2026-07-16,P01,45,3,0,0,29.5,11.6,14.3
2026-07-17,P01,45,4,0,0,29.6,10.1,12.5
2026-07-18,P01,45,5,1,0,35.9,10.0,14.5
2026-07-19,P01,45,6,1,0,37.2,12.2,16.0
2026-07-20,P01,45,0,0,0,29.9,9.5,13.1
2026-07-21,P01,45,1,0,0,29.7,9.5,13.3
2026-07-22,P01,45,2,0,0,30.3,10.4,12.7
2026-07-23,P01,45,3,0,0,28.5,12.4,13.4
2026-07-24,P01,45,4,0,0,28.3,10.5,14.6
2026-07-25,P01,45,5,1,0,36.0,11.3,14.3
2026-07-26,P01,45,6,1,0,38.6,12.1,13.0
2026-07-27,P01,45,0,0,0,31.8,10.2,13.1
2026-07-28,P01,45,1,0,0,31.9,11.6,13.6
2026-07-29,P01,45,2,0,0,27.7,11.3,12.9
2026-07-30,P01,45,3,0,0,28.2,10.3,13.8
2026-07-31,P01,45,4,0,0,26.0,11.2,13.7
2026-08-01,P01,45,5,1,0,36.2,11.7,14.2
2026-08-02,P01,45,6,1,0,36.2,10.3,14.3
2026-08-03,P01,45,0,0,0,27.1,10.6,12.9
2026-08-04,P01,45,1,0,0,29.9,11.0,13.6
2026-08-05,P01,45,2,0,0,31.8,11.0,13.2
2026-08-06,P01,45,3,0,0,27.6,11.5,14.1
2026-08-07,P01,45,4,0,0,32.4,10.2,13.6
2026-08-08,P01,45,5,1,0,37.2,10.8,13.6
2026-08-09,P01,45,6,1,0,34.2,11.6,14.3
2026-08-10,P01,45,0,0,0,31.8,12.8,13.2
2026-08-11,P01,45,1,0,0,29.7,10.8,15.7
2026-08-12,P01,45,2,0,0,26.7,11.3,12.0
2026-08-13,P01,45,3,0,0,25.2,9.1,12.1
2026-08-14,P01,45,4,0,0,31.7,10.1,13.3
2026-08-15,P01,45,5,1,0,35.2,11.4,12.4
2026-08-16,P01,45,6,1,0,39.6,10.0,12.7
2026-08-17,P01,45,0,0,0,30.0,10.9,15.1
2026-08-18,P01,45,1,0,0,30.0,9.8,12.9
2026-08-19,P01,45,2,0,0,28.8,11.5,14.0
2026-08-20,P01,45,3,0,0,29.6,11.6,13.0
2026-08-21,P01,45,4,0,0,29.6,11.0,15.2
2026-08-22,P01,45,5,1,0,37.1,10.5,12.4
2026-08-23,P01,45,6,1,0,38.5,10.3,13.9
2026-08-24,P01,45,0,0,0,26.4,11.7,12.1
2026-08-25,P01,45,1,0,0,28.4,11.8,12.1
2026-08-26,P01,45,2,0,0,29.7,10.9,12.5
2026-08-27,P01,45,3,0,0,32.2,12.1,11.4
2026-08-28,P01,45,4,0,0,27.2,11.5,12.1
2026-08-29,P01,45,5,1,0,36.6,11.0,14.3
2026-08-30,P01,45,6,1,0,36.9,10.9,12.7
2026-08-31,P01,45,0,0,0,32.1,10.4,13.9
2026-09-01,P01,45,1,0,0,28.9,10.9,13.4
2026-09-02,P01,45,2,0,0,29.5,10.0,14.4
2026-09-03,P01,45,3,0,0,32.3,11.1,14.3
2026-09-04,P01,45,4,0,0,31.3,11.6,13.9
2026-09-05,P01,45,5,1,0,37.6,11.6,13.6
2026-09-06,P01,45,6,1,0,35.5,10.9,11.5
2026-09-07,P01,45,0,0,0,29.8,11.2,14.9
2026-09-08,P01,45,1,0,0,30.1,11.6,13.5
2026-09-09,P01,45,2,0,0,28.0,9.6,12.5
2026-09-10,P01,45,3,0,0,27.4,11.4,13.3
2026-09-11,P01,45,4,0,0,30.8,10.9,14.7
2026-09-12,P01,45,5,1,0,39.2,10.3,13.3
2026-09-13,P01,45,6,1,0,36.3,9.4,14.3
2026-09-14,P01,45,0,0,0,31.9,10.8,13.0
2026-03-19,P02,31,3,0,0,22.4,6.2,9.7
2026-03-20,P02,31,4,0,0,21.2,7.3,10.6
2026-03-21,P02,31,5,1,0,27.5,7.5,9.5
2026-03-22,P02,31,6,1,0,25.8,7.3,8.6
2026-03-23,P02,31,0,0,0,22.8,8.3,10.2
2026-03-24,P02,31,1,0,0,19.6,8.9,11.1
2026-03-25,P02,31,2,0,0,21.3,7.1,8.9
2026-03-26,P02,31,3,0,0,21.6,7.1,9.5
2026-03-27,P02,31,4,0,0,22.4,6.7,11.1
2026-03-28,P02,31,5,1,0,28.3,6.9,8.5
2026-03-29,P02,31,6,1,0,25.9,7.0,9.4
2026-03-30,P02,31,0,0,0,17.8,7.5,10.9
2026-03-31,P02,31,1,0,0,19.6,7.5,8.4
2026-04-01,P02,31,2,0,0,21.8,7.5,11.0
2026-04-02,P02,31,3,0,0,21.3,7.4,10.0
2026-04-03,P02,31,4,0,0,20.4,6.8,9.8
2026-04-04,P02,31,5,1,0,26.1,7.7,9.8
2026-04-05,P02,31,6,1,0,25.6,7.9,10.9
2026-04-06,P02,31,0,0,0,19.6,8.7,9.4
2026-04-07,P02,31,1,0,0,20.1,9.1,9.7
2026-04-08,P02,31,2,0,0,22.8,8.1,8.3
2026-04-09,P02,31,3,0,0,21.2,7.3,8.5
2026-04-10,P02,31,4,0,0,18.8,7.7,10.0
2026-04-11,P02,31,5,1,0,26.8,7.5,8.9
2026-04-12,P02,31,6,1,0,25.0,7.3,8.8
2026-04-13,P02,31,0,0,0,20.8,7.6,8.9
2026-04-14,P02,31,1,0,0,20.7,7.2,9.6
2026-04-15,P02,31,2,0,0,21.7,7.8,9.9
2026-04-16,P02,31,3,0,0,18.9,7.4,9.8
2026-04-17,P02,31,4,0,0,21.8,6.7,9.7
2026-04-18,P02,31,5,1,0,27.8,7.5,9.5
2026-04-19,P02,31,6,1,0,26.9,7.8,10.1
2026-04-20,P02,31,0,0,0,21.1,7.7,9.0
2026-04-21,P02,31,1,0,0,20.8,8.4,9.4
2026-04-22,P02,31,2,0,0,20.8,7.3,10.2
2026-04-23,P02,31,3,0,0,19.9,8.2,8.8
2026-04-24,P02,31,4,0,0,19.7,7.8,9.7
2026-04-25,P02,31,5,1,0,26.7,8.3,9.2
2026-04-26,P02,31,6,1,0,26.8,7.1,10.5
2026-04-27,P02,31,0,0,0,21.8,8.0,9.7
2026-04-28,P02,31,1,0,0,20.0,7.4,9.9
2026-04-29,P02,31,2,0,0,21.0,7.7,8.5
2026-04-30,P02,31,3,0,0,21.3,7.2,8.7
2026-05-01,P02,31,4,0,0,20.8,6.5,10.1
2026-05-02,P02,31,5,1,0,27.4,7.6,8.8
2026-05-03,P02,31,6,1,0,25.1,7.6,7.7
2026-05-04,P02,31,0,0,0,21.3,8.1,9.3
2026-05-05,P02,31,1,0,0,20.4,7.8,9.8
2026-05-06,P02,31,2,0,0,22.4,7.7,9.0
2026-05-07,P02,31,3,0,0,20.4,7.8,10.7
2026-05-08,P02,31,4,0,0,20.6,7.0,8.9
2026-05-09,P02,31,5,1,0,23.6,7.8,8.5
2026-05-10,P02,31,6,1,0,24.7,6.4,8.7
2026-05-11,P02,31,0,0,0,21.7,6.8,8.2
2026-05-12,P02,31,1,0,0,21.3,7.4,9.9
2026-05-13,P02,31,2,0,0,22.0,7.6,8.6
2026-05-14,P02,31,3,0,0,20.9,8.0,9.1
2026-05-15,P02,31,4,0,0,19.2,8.3,9.2
2026-05-16,P02,31,5,1,0,25.8,7.7,10.3
2026-05-17,P02,31,6,1,0,26.6,7.4,10.1
2026-05-18,P02,31,0,0,0,23.7,8.5,10.1
2026-05-19,P02,31,1,0,0,19.6,9.9,8.6
2026-05-20,P02,31,2,0,0,20.6,7.2,10.8
2026-05-21,P02,31,3,0,0,21.6,6.8,9.8
2026-05-22,P02,31,4,0,0,21.7,7.5,8.6
2026-05-23,P02,31,5,1,0,25.4,7.4,9.6
2026-05-24,P02,31,6,1,0,25.6,8.1,8.8
2026-05-25,P02,31,0,0,0,18.8,7.2,10.6
2026-05-26,P02,31,1,0,0,20.3,9.1,9.9
2026-05-27,P02,31,2,0,0,19.6,7.1,9.7
2026-05-28,P02,31,3,0,0,19.5,9.1,8.8
2026-05-29,P02,31,4,0,0,21.9,8.5,9.5
2026-05-30,P02,31,5,1,0,25.0,7.5,9.8
2026-05-31,P02,31,6,1,0,27.4,7.7,8.5
2026-06-01,P02,31,0,0,0,21.1,7.2,7.9
2026-06-02,P02,31,1,0,0,20.1,6.8,10.0
2026-06-03,P02,31,2,0,0,23.5,8.8,9.1
2026-06-04,P02,31,3,0,0,20.4,8.1,10.4
2026-06-05,P02,31,4,0,0,20.5,7.6,11.2
2026-06-06,P02,31,5,1,0,26.1,7.3,9.7
2026-06-07,P02,31,6,1,0,27.0,7.0,9.4
2026-06-08,P02,31,0,0,0,19.6,7.5,11.0
2026-06-09,P02,31,1,0,0,22.0,7.6,8.8
2026-06-10,P02,31,2,0,0,20.6,8.3,9.1
2026-06-11,P02,31,3,0,0,22.9,6.8,9.3
2026-06-12,P02,31,4,0,0,23.2,6.4,10.5
2026-06-13,P02,31,5,1,0,23.9,7.6,9.4
2026-06-14,P02,31,6,1,0,27.3,5.7,8.1
2026-06-15,P02,31,0,0,0,20.3,7.7,8.9
2026-06-16,P02,31,1,0,0,20.7,6.9,9.3
2026-06-17,P02,31,2,0,0,20.0,7.8,10.0
2026-06-18,P02,31,3,0,0,22.8,7.2,9.3
2026-06-19,P02,31,4,0,0,21.1,7.5,9.5
2026-06-20,P02,31,5,1,0,24.3,7.9,8.9
2026-06-21,P02,31,6,1,0,25.1,6.7,10.4
2026-06-22,P02,31,0,0,0,20.9,8.3,9.8
2026-06-23,P02,31,1,0,0,18.9,7.0,10.1
2026-06-24,P02,31,2,0,0,20.1,7.0,9.4
2026-06-25,P02,31,3,0,0,20.8,7.0,9.3
2026-06-26,P02,31,4,0,0,20.4,6.1,9.9
2026-06-27,P02,31,5,1,0,25.3,8.4,8.7
2026-06-28,P02,31,6,1,0,24.3,8.4,8.3
2026-06-29,P02,31,0,0,0,20.2,8.0,9.3
2026-06-30,P02,31,1,0,0,18.9,7.8,9.4
2026-07-01,P02,31,2,0,0,22.6,8.0,11.9
2026-07-02,P02,31,3,0,0,19.0,7.6,8.7
2026-07-03,P02,31,4,0,0,22.5,8.1,10.1
2026-07-04,P02,31,5,1,0,25.3,7.2,8.0
2026-07-05,P02,31,6,1,0,28.4,8.0,9.4
2026-07-06,P02,31,0,0,0,22.2,8.1,10.3
2026-07-07,P02,31,1,0,0,19.0,7.2,9.7
2026-07-08,P02,31,2,0,0,21.5,8.2,8.8
2026-07-09,P02,31,3,0,0,21.2,9.0,10.1
2026-07-10,P02,31,4,0,0,22.1,7.6,10.1
2026-07-11,P02,31,5,1,0,28.6,7.7,10.5
2026-07-12,P02,31,6,1,0,25.2,8.0,10.2
2026-07-13,P02,31,0,0,0,20.1,8.3,9.0
2026-07-14,P02,31,1,0,0,20.0,7.6,11.0
2026-07-15,P02,31,2,0,0,21.4,8.2,9.0
2026-07-16,P02,31,3,0,0,21.1,6.9,9.1
2026-07-17,P02,31,4,0,0,22.1,7.6,10.7
2026-07-18,P02,31,5,1,0,26.0,7.5,10.5
2026-07-19,P02,31,6,1,0,25.5,6.7,10.6
2026-07-20,P02,31,0,0,0,21.6,6.3,9.6
2026-07-21,P02,31,1,0,0,20.5,8.7,9.0
2026-07-22,P02,31,2,0,0,20.3,7.1,8.8
2026-07-23,P02,31,3,0,0,20.1,6.8,8.8
2026-07-24,P02,31,4,0,0,19.0,6.7,8.4
2026-07-25,P02,31,5,1,0,25.6,7.2,8.6
2026-07-26,P02,31,6,1,0,26.9,7.6,9.2
2026-07-27,P02,31,0,0,0,20.4,8.6,9.7
2026-07-28,P02,31,1,0,0,21.6,6.1,9.1
2026-07-29,P02,31,2,0,0,18.3,7.4,9.8
2026-07-30,P02,31,3,0,0,20.2,8.0,8.8
2026-07-31,P02,31,4,0,0,21.8,6.7,9.4
2026-08-01,P02,31,5,1,0,26.8,8.0,9.5
2026-08-02,P02,31,6,1,0,28.7,7.4,9.2
2026-08-03,P02,31,0,0,0,17.5,8.7,9.3
2026-08-04,P02,31,1,0,0,19.5,8.5,10.5
2026-08-05,P02,31,2,0,0,21.2,6.8,9.9
2026-08-06,P02,31,3,0,0,20.2,6.9,10.4
2026-08-07,P02,31,4,0,0,18.3,8.0,9.9
2026-08-08,P02,31,5,1,0,28.9,7.8,8.0
2026-08-09,P02,31,6,1,0,25.2,7.7,9.8
2026-08-10,P02,31,0,0,0,22.3,6.4,9.3
2026-08-11,P02,31,1,0,0,22.3,8.6,11.0
2026-08-12,P02,31,2,0,0,20.5,8.3,10.9
2026-08-13,P02,31,3,0,0,22.5,8.1,10.2
2026-08-14,P02,31,4,0,0,20.0,6.8,10.3
2026-08-15,P02,31,5,1,0,25.8,7.6,9.1
2026-08-16,P02,31,6,1,0,25.8,7.8,8.8
2026-08-17,P02,31,0,0,0,21.1,7.8,9.5
2026-08-18,P02,31,1,0,0,20.1,8.1,11.0
2026-08-19,P02,31,2,0,0,20.3,8.4,10.2
2026-08-20,P02,31,3,0,0,17.7,7.2,9.1
2026-08-21,P02,31,4,0,0,22.0,7.8,9.9
2026-08-22,P02,31,5,1,0,27.1,7.1,9.0
2026-08-23,P02,31,6,1,0,24.7,7.5,9.5
2026-08-24,P02,31,0,0,0,21.2,7.2,10.3
2026-08-25,P02,31,1,0,0,22.2,8.6,10.1
2026-08-26,P02,31,2,0,0,21.3,8.1,10.0
2026-08-27,P02,31,3,0,0,20.2,8.4,10.9
2026-08-28,P02,31,4,0,0,23.5,7.7,9.8
2026-08-29,P02,31,5,1,0,26.8,7.6,10.0
2026-08-30,P02,31,6,1,0,26.1,7.5,10.9
2026-08-31,P02,31,0,0,0,21.2,7.7,10.2
2026-09-01,P02,31,1,0,0,21.2,7.8,9.5
2026-09-02,P02,31,2,0,0,19.5,7.6,8.7
2026-09-03,P02,31,3,0,0,21.3,6.9,10.3
2026-09-04,P02,31,4,0,0,22.0,7.8,9.5
2026-09-05,P02,31,5,1,0,26.8,6.4,8.7
2026-09-06,P02,31,6,1,0,26.1,7.9,9.5
2026-09-07,P02,31,0,0,0,19.8,7.7,9.2
2026-09-08,P02,31,1,0,0,19.7,7.8,9.4
2026-09-09,P02,31,2,0,0,22.5,8.1,10.1
2026-09-10,P02,31,3,0,0,21.4,7.1,8.8
2026-09-11,P02,31,4,0,0,19.2,9.4,8.7
2026-09-12,P02,31,5,1,0,26.0,7.4,9.3
2026-09-13,P02,31,6,1,0,25.5,6.5,8.8
2026-09-14,P02,31,0,0,0,19.3,7.6,9.0
2026-03-19,P03,94,3,0,0,59.7,23.0,27.0
2026-03-20,P03,94,4,0,0,65.7,21.9,28.8
2026-03-21,P03,94,5,1,0,72.9,23.8,27.4
2026-03-22,P03,94,6,1,0,79.3,23.2,27.9
2026-03-23,P03,94,0,0,0,63.1,21.9,31.3
2026-03-24,P03,94,1,0,0,65.7,23.5,25.6
2026-03-25,P03,94,2,0,0,58.1,21.4,27.7
2026-03-26,P03,94,3,0,0,63.9,21.0,31.0
2026-03-27,P03,94,4,0,0,62.3,19.0,27.2
2026-03-28,P03,94,5,1,0,68.1,21.3,27.0
2026-03-29,P03,94,6,1,0,75.5,22.0,27.4
2026-03-30,P03,94,0,0,0,60.0,25.4,31.0
2026-03-31,P03,94,1,0,0,58.0,24.9,24.6
2026-04-01,P03,94,2,0,0,59.2,25.4,23.2
2026-04-02,P03,94,3,0,0,64.4,20.4,28.0
2026-04-03,P03,94,4,0,0,61.6,25.7,26.5
2026-04-04,P03,94,5,1,0,77.5,23.8,27.7
2026-04-05,P03,94,6,1,0,74.7,22.5,28.5
2026-04-06,P03,94,0,0,0,65.5,20.9,27.3
2026-04-07,P03,94,1,0,0,63.4,22.3,27.9
2026-04-08,P03,94,2,0,0,62.2,21.4,26.5
2026-04-09,P03,94,3,0,0,63.9,20.7,30.9
2026-04-10,P03,94,4,0,0,63.1,20.3,28.9
2026-04-11,P03,94,5,1,0,78.4,24.0,30.9
2026-04-12,P03,94,6,1,0,76.4,21.4,26.9
2026-04-13,P03,94,0,0,0,58.6,21.3,28.9
2026-04-14,P03,94,1,0,0,62.3,21.7,26.6
2026-04-15,P03,94,2,0,0,63.5,21.7,25.9
2026-04-16,P03,94,3,0,0,61.7,22.2,25.9
2026-04-17,P03,94,4,0,0,65.3,24.2,28.4
2026-04-18,P03,94,5,1,0,78.3,23.6,28.2
2026-04-19,P03,94,6,1,0,81.1,25.6,28.5
2026-04-20,P03,94,0,0,0,63.9,24.2,27.5
2026-04-21,P03,94,1,0,0,58.0,24.3,24.7
2026-04-22,P03,94,2,0,0,68.9,24.2,28.7
2026-04-23,P03,94,3,0,0,62.4,25.8,26.2
2026-04-24,P03,94,4,0,0,57.9,21.6,27.7
2026-04-25,P03,94,5,1,0,74.0,22.9,28.6
2026-04-26,P03,94,6,1,0,74.8,25.5,25.1
2026-04-27,P03,94,0,0,0,57.5,23.3,27.8
2026-04-28,P03,94,1,0,0,63.8,21.5,26.0
2026-04-29,P03,94,2,0,0,59.8,21.4,29.5
2026-04-30,P03,94,3,0,0,60.4,24.0,29.6
2026-05-01,P03,94,4,0,0,66.1,24.3,30.1
2026-05-02,P03,94,5,1,0,80.7,21.7,27.7
2026-05-03,P03,94,6,1,0,71.0,23.2,26.8
2026-05-04,P03,94,0,0,0,63.7,23.6,25.2
2026-05-05,P03,94,1,0,0,58.5,22.0,27.1
2026-05-06,P03,94,2,0,0,62.9,20.5,28.4
2026-05-07,P03,94,3,0,0,55.9,18.7,29.9
2026-05-08,P03,94,4,0,0,57.4,21.6,25.1
2026-05-09,P03,94,5,1,0,72.5,21.9,27.4
2026-05-10,P03,94,6,1,0,81.5,23.4,27.7
2026-05-11,P03,94,0,0,0,65.1,24.7,29.2
2026-05-12,P03,94,1,0,0,60.7,24.5,32.3
2026-05-13,P03,94,2,0,0,64.7,25.8,30.4
2026-05-14,P03,94,3,0,0,65.4,20.7,25.8
2026-05-15,P03,94,4,0,0,62.1,19.6,26.9
2026-05-16,P03,94,5,1,0,81.0,21.4,29.5
2026-05-17,P03,94,6,1,0,72.8,21.7,30.6
2026-05-18,P03,94,0,0,0,63.0,23.2,32.2
2026-05-19,P03,94,1,0,0,67.1,21.0,31.3
2026-05-20,P03,94,2,0,0,59.9,22.6,28.3
2026-05-21,P03,94,3,0,0,66.2,20.6,29.3
2026-05-22,P03,94,4,0,0,64.2,24.1,27.8
2026-05-23,P03,94,5,1,0,81.5,21.3,30.9
2026-05-24,P03,94,6,1,0,79.1,20.1,29.2
2026-05-25,P03,94,0,0,0,62.9,22.0,26.6
2026-05-26,P03,94,1,0,0,61.3,20.0,32.1
2026-05-27,P03,94,2,0,0,58.0,21.4,30.9
2026-05-28,P03,94,3,0,0,64.4,23.9,31.7
2026-05-29,P03,94,4,0,0,61.1,20.7,30.2
2026-05-30,P03,94,5,1,0,80.8,22.0,25.4
2026-05-31,P03,94,6,1,0,82.4,23.7,25.2
2026-06-01,P03,94,0,0,0,65.2,20.0,27.2
2026-06-02,P03,94,1,0,0,58.0,21.5,26.4
2026-06-03,P03,94,2,0,0,60.0,23.9,29.0
2026-06-04,P03,94,3,0,0,64.6,24.6,27.4
2026-06-05,P03,94,4,0,0,62.5,23.6,32.2
2026-06-06,P03,94,5,1,0,81.2,25.1,30.6
2026-06-07,P03,94,6,1,0,81.8,19.4,30.3
2026-06-08,P03,94,0,0,0,63.0,22.7,27.1
2026-06-09,P03,94,1,0,0,60.7,23.4,30.2
2026-06-10,P03,94,2,0,0,56.6,23.0,27.0
2026-06-11,P03,94,3,0,0,58.7,23.3,27.5
2026-06-12,P03,94,4,0,0,59.8,21.2,28.9
2026-06-13,P03,94,5,1,0,77.8,20.7,26.4
2026-06-14,P03,94,6,1,0,77.1,23.4,25.9
2026-06-15,P03,94,0,0,0,64.1,21.1,34.5
2026-06-16,P03,94,1,0,0,58.7,21.2,28.7
2026-06-17,P03,94,2,0,0,58.9,24.1,32.4
2026-06-18,P03,94,3,0,0,60.8,22.9,27.1
2026-06-19,P03,94,4,0,0,62.2,25.2,30.3
2026-06-20,P03,94,5,1,0,74.4,25.4,30.9
2026-06-21,P03,94,6,1,0,79.6,21.4,28.4
2026-06-22,P03,94,0,0,0,59.3,23.5,27.6
2026-06-23,P03,94,1,0,0,53.9,24.3,28.7
2026-06-24,P03,94,2,0,0,66.3,22.4,28.7
2026-06-25,P03,94,3,0,0,66.4,23.3,28.9
2026-06-26,P03,94,4,0,0,74.2,22.3,28.7
2026-06-27,P03,94,5,1,0,84.3,21.2,25.9
2026-06-28,P03,94,6,1,0,72.5,23.6,29.7
2026-06-29,P03,94,0,0,0,65.0,20.2,30.6
2026-06-30,P03,94,1,0,0,66.7,22.5,28.4
2026-07-01,P03,94,2,0,0,64.8,23.3,29.7
2026-07-02,P03,94,3,0,0,58.2,22.3,25.5
2026-07-03,P03,94,4,0,0,64.6,23.6,28.1
2026-07-04,P03,94,5,1,0,78.9,19.8,30.2
2026-07-05,P03,94,6,1,0,76.1,22.9,30.8
2026-07-06,P03,94,0,0,0,59.4,24.8,28.6
2026-07-07,P03,94,1,0,0,62.3,23.6,25.5
2026-07-08,P03,94,2,0,0,64.5,22.7,30.6
2026-07-09,P03,94,3,0,0,61.4,22.0,29.1
2026-07-10,P03,94,4,0,0,62.0,20.5,27.9
2026-07-11,P03,94,5,1,0,82.5,22.5,26.3
2026-07-12,P03,94,6,1,0,80.5,19.3,23.5
2026-07-13,P03,94,0,0,0,62.2,23.0,28.8
2026-07-14,P03,94,1,0,0,58.9,22.4,25.1
2026-07-15,P03,94,2,0,0,63.1,19.7,28.0
2026-07-16,P03,94,3,0,0,63.2,19.5,27.1
2026-07-17,P03,94,4,0,0,65.2,25.4,24.9
2026-07-18,P03,94,5,1,0,79.1,20.4,25.2
2026-07-19,P03,94,6,1,0,83.8,23.8,26.5
2026-07-20,P03,94,0,0,0,63.1,23.8,28.7
2026-07-21,P03,94,1,0,0,70.6,23.7,21.5
2026-07-22,P03,94,2,0,0,61.2,21.3,27.8
2026-07-23,P03,94,3,0,0,62.3,21.5,25.8
2026-07-24,P03,94,4,0,0,67.3,23.7,26.8
2026-07-25,P03,94,5,1,0,80.3,23.9,31.2
2026-07-26,P03,94,6,1,0,73.9,24.0,26.9
2026-07-27,P03,94,0,0,0,66.6,22.3,23.1
2026-07-28,P03,94,1,0,0,62.4,19.4,27.8
2026-07-29,P03,94,2,0,0,62.0,21.9,24.9
2026-07-30,P03,94,3,0,0,58.1,21.1,27.7
2026-07-31,P03,94,4,0,0,67.1,23.9,27.2
2026-08-01,P03,94,5,1,0,82.6,20.2,29.8
2026-08-02,P03,94,6,1,0,77.1,23.1,29.7
2026-08-03,P03,94,0,0,0,59.7,24.1,28.3
2026-08-04,P03,94,1,0,0,71.2,22.1,31.2
2026-08-05,P03,94,2,0,0,64.7,20.5,31.4
2026-08-06,P03,94,3,0,0,58.3,18.6,30.2
2026-08-07,P03,94,4,0,0,66.2,22.7,27.7
2026-08-08,P03,94,5,1,0,83.7,23.9,26.8
2026-08-09,P03,94,6,1,0,80.5,20.4,27.0
2026-08-10,P03,94,0,0,0,58.3,18.6,25.6
2026-08-11,P03,94,1,0,0,66.8,20.6,27.0
2026-08-12,P03,94,2,0,0,57.9,24.2,28.3
2026-08-13,P03,94,3,0,0,64.1,22.4,25.6
2026-08-14,P03,94,4,0,0,58.6,24.1,28.2
2026-08-15,P03,94,5,1,0,80.7,16.9,30.8
2026-08-16,P03,94,6,1,0,76.0,26.6,27.1
2026-08-17,P03,94,0,0,0,62.3,23.8,26.3
2026-08-18,P03,94,1,0,0,65.5,21.5,31.2
2026-08-19,P03,94,2,0,0,65.2,23.5,26.7
2026-08-20,P03,94,3,0,0,61.5,23.2,23.7
2026-08-21,P03,94,4,0,0,60.2,24.3,25.4
2026-08-22,P03,94,5,1,0,82.6,21.5,29.0
2026-08-23,P03,94,6,1,0,73.5,23.5,29.3
2026-08-24,P03,94,0,0,0,66.5,25.1,31.1
2026-08-25,P03,94,1,0,0,63.0,20.4,31.3
2026-08-26,P03,94,2,0,0,57.4,21.8,30.0
2026-08-27,P03,94,3,0,0,63.9,25.5,28.3
2026-08-28,P03,94,4,0,0,55.9,22.1,28.7
2026-08-29,P03,94,5,1,0,76.5,25.2,27.7
2026-08-30,P03,94,6,1,0,72.4,23.5,25.7
2026-08-31,P03,94,0,0,0,68.6,23.1,25.1
2026-09-01,P03,94,1,0,0,66.3,26.9,23.8
2026-09-02,P03,94,2,0,0,65.6,23.5,28.7
2026-09-03,P03,94,3,0,0,63.5,23.5,26.7
2026-09-04,P03,94,4,0,0,67.5,20.2,32.7
2026-09-05,P03,94,5,1,0,83.5,20.5,28.3
2026-09-06,P03,94,6,1,0,83.1,21.7,27.9
2026-09-07,P03,94,0,0,0,60.7,24.7,26.9
2026-09-08,P03,94,1,0,0,62.2,23.6,27.8
2026-09-09,P03,94,2,0,0,59.0,20.2,24.9
2026-09-10,P03,94,3,0,0,57.8,19.5,26.6
2026-09-11,P03,94,4,0,0,63.4,22.7,26.4
2026-09-12,P03,94,5,1,0,74.0,20.8,25.2
2026-09-13,P03,94,6,1,0,73.2,23.9,25.1
2026-09-14,P03,94,0,0,0,62.3,21.5,33.8
2026-03-19,P04,25,3,0,0,14.7,6.1,7.3
2026-03-20,P04,25,4,0,0,15.7,6.2,7.6
2026-03-21,P04,25,5,1,0,19.6,6.2,7.7
2026-03-22,P04,25,6,1,0,21.9,5.7,8.4
2026-03-23,P04,25,0,0,0,16.3,5.1,7.8
2026-03-24,P04,25,1,0,0,16.4,5.6,8.1
2026-03-25,P04,25,2,0,0,16.0,6.5,7.5
2026-03-26,P04,25,3,0,0,17.2,6.3,7.8
2026-03-27,P04,25,4,0,0,15.5,6.4,7.5
2026-03-28,P04,25,5,1,0,22.6,6.2,8.0
2026-03-29,P04,25,6,1,0,19.9,5.8,7.6
2026-03-30,P04,25,0,0,0,15.3,5.4,7.4
2026-03-31,P04,25,1,0,0,16.4,6.1,8.2
2026-04-01,P04,25,2,0,0,16.1,6.3,7.4
2026-04-02,P04,25,3,0,0,16.3,6.1,6.3
2026-04-03,P04,25,4,0,0,16.6,5.7,6.9
2026-04-04,P04,25,5,1,0,18.8,5.8,6.4
2026-04-05,P04,25,6,1,0,21.5,5.9,6.5
2026-04-06,P04,25,0,0,0,15.8,6.4,7.1
2026-04-07,P04,25,1,0,0,16.2,5.8,7.4
2026-04-08,P04,25,2,0,0,14.8,6.0,7.2
2026-04-09,P04,25,3,0,0,19.4,5.9,7.2
2026-04-10,P04,25,4,0,0,17.5,5.9,7.7
2026-04-11,P04,25,5,1,0,19.8,6.7,7.1
2026-04-12,P04,25,6,1,0,21.0,6.5,7.3
2026-04-13,P04,25,0,0,0,16.5,6.3,7.9
2026-04-14,P04,25,1,0,0,15.4,6.1,6.9
2026-04-15,P04,25,2,0,0,15.8,5.7,8.2
2026-04-16,P04,25,3,0,0,18.1,7.3,7.5
2026-04-17,P04,25,4,0,0,15.7,5.5,8.5
2026-04-18,P04,25,5,1,0,19.1,5.8,7.2
2026-04-19,P04,25,6,1,0,22.4,5.5,8.2
2026-04-20,P04,25,0,0,0,17.8,5.9,7.8
2026-04-21,P04,25,1,0,0,15.0,6.0,7.4
2026-04-22,P04,25,2,0,0,13.9,6.2,7.7
2026-04-23,P04,25,3,0,0,14.8,5.3,7.1
2026-04-24,P04,25,4,0,0,16.0,5.9,6.9
2026-04-25,P04,25,5,1,0,19.6,6.1,7.2
2026-04-26,P04,25,6,1,0,20.5,5.9,7.8
2026-04-27,P04,25,0,0,0,16.3,6.4,7.6
2026-04-28,P04,25,1,0,0,17.4,6.6,6.6
2026-04-29,P04,25,2,0,0,17.4,6.9,6.9
2026-04-30,P04,25,3,0,0,16.5,5.8,7.8
2026-05-01,P04,25,4,0,0,17.0,5.7,8.3
2026-05-02,P04,25,5,1,0,19.8,5.9,8.1
2026-05-03,P04,25,6,1,0,22.6,5.8,8.0
2026-05-04,P04,25,0,0,0,16.7,5.2,6.9
2026-05-05,P04,25,1,0,0,15.3,5.8,7.2
2026-05-06,P04,25,2,0,0,16.5,6.6,7.8
2026-05-07,P04,25,3,0,0,19.1,5.9,8.0
2026-05-08,P04,25,4,0,0,16.9,6.7,7.3
2026-05-09,P04,25,5,1,0,21.5,6.8,7.1
2026-05-10,P04,25,6,1,0,20.6,6.2,7.2
2026-05-11,P04,25,0,0,0,15.6,6.9,7.4
2026-05-12,P04,25,1,0,0,18.2,5.8,7.4
2026-05-13,P04,25,2,0,0,17.3,5.9,7.0
2026-05-14,P04,25,3,0,0,15.8,6.1,7.1
2026-05-15,P04,25,4,0,0,16.6,4.9,7.2
2026-05-16,P04,25,5,1,0,20.4,5.8,6.9
2026-05-17,P04,25,6,1,0,19.8,6.0,8.4
2026-05-18,P04,25,0,0,0,15.1,5.9,8.1
2026-05-19,P04,25,1,0,0,16.8,6.0,7.2
2026-05-20,P04,25,2,0,0,16.5,6.0,6.2
2026-05-21,P04,25,3,0,0,15.8,5.1,8.3
2026-05-22,P04,25,4,0,0,17.3,5.6,8.0
2026-05-23,P04,25,5,1,0,23.0,5.7,8.3
2026-05-24,P04,25,6,1,0,21.0,5.9,6.8
2026-05-25,P04,25,0,0,0,15.9,5.8,6.1
2026-05-26,P04,25,1,0,0,17.0,5.8,7.8
2026-05-27,P04,25,2,0,0,16.1,7.4,6.5
2026-05-28,P04,25,3,0,0,15.6,6.3,8.9
2026-05-29,P04,25,4,0,0,15.5,6.9,6.9
2026-05-30,P04,25,5,1,0,21.9,6.0,8.8
2026-05-31,P04,25,6,1,0,22.4,5.7,9.3
2026-06-01,P04,25,0,0,0,15.4,5.8,8.6
2026-06-02,P04,25,1,0,0,15.8,5.7,7.6
2026-06-03,P04,25,2,0,0,16.9,6.2,7.1
2026-06-04,P04,25,3,0,0,16.7,6.3,8.4
2026-06-05,P04,25,4,0,0,16.8,5.4,7.5
2026-06-06,P04,25,5,1,0,20.0,6.6,6.5
2026-06-07,P04,25,6,1,0,21.2,5.5,8.3
2026-06-08,P04,25,0,0,0,17.3,6.1,7.8
2026-06-09,P04,25,1,0,0,16.2,6.3,7.5
2026-06-10,P04,25,2,0,0,17.2,6.0,6.0
2026-06-11,P04,25,3,0,0,16.0,6.7,8.4
2026-06-12,P04,25,4,0,0,16.6,5.9,7.3
2026-06-13,P04,25,5,1,0,21.2,6.3,6.9
2026-06-14,P04,25,6,1,0,21.3,6.6,6.9
2026-06-15,P04,25,0,0,0,16.3,6.2,7.9
2026-06-16,P04,25,1,0,0,16.1,5.7,7.2
2026-06-17,P04,25,2,0,0,16.9,6.2,7.5
2026-06-18,P04,25,3,0,0,15.1,5.5,7.9
2026-06-19,P04,25,4,0,0,15.3,6.1,7.3
2026-06-20,P04,25,5,1,0,20.0,6.0,8.5
2026-06-21,P04,25,6,1,0,20.9,5.9,6.6
2026-06-22,P04,25,0,0,0,17.0,6.5,7.9
2026-06-23,P04,25,1,0,0,17.7,6.2,6.7
2026-06-24,P04,25,2,0,0,16.5,6.3,7.9
2026-06-25,P04,25,3,0,0,16.0,6.0,7.7
2026-06-26,P04,25,4,0,0,17.8,6.5,7.9
2026-06-27,P04,25,5,1,0,21.0,5.5,6.8
2026-06-28,P04,25,6,1,0,20.5,6.5,7.7
2026-06-29,P04,25,0,0,0,17.1,5.3,6.6
2026-06-30,P04,25,1,0,0,17.6,6.0,6.7
2026-07-01,P04,25,2,0,0,17.4,6.1,9.3
2026-07-02,P04,25,3,0,0,17.7,6.2,7.4
2026-07-03,P04,25,4,0,0,16.7,6.0,6.6
2026-07-04,P04,25,5,1,0,21.5,6.1,5.8
2026-07-05,P04,25,6,1,0,20.0,5.6,8.1
2026-07-06,P04,25,0,0,0,16.5,6.7,6.5
2026-07-07,P04,25,1,0,0,15.4,6.5,7.1
2026-07-08,P04,25,2,0,0,15.5,5.7,7.0
2026-07-09,P04,25,3,0,0,17.0,6.5,6.5
2026-07-10,P04,25,4,0,0,16.2,6.0,7.5
2026-07-11,P04,25,5,1,0,21.4,6.1,7.2
2026-07-12,P04,25,6,1,0,19.5,5.1,7.3
2026-07-13,P04,25,0,0,0,16.5,6.4,7.3
2026-07-14,P04,25,1,0,0,18.8,6.0,7.2
2026-07-15,P04,25,2,0,0,16.9,5.5,7.6
2026-07-16,P04,25,3,0,0,14.5,6.3,7.5
2026-07-17,P04,25,4,0,0,16.7,6.1,6.7
2026-07-18,P04,25,5,1,0,19.7,6.8,7.8
2026-07-19,P04,25,6,1,0,20.0,6.2,7.7
2026-07-20,P04,25,0,0,0,18.4,6.5,7.7
2026-07-21,P04,25,1,0,0,16.1,6.9,7.4
2026-07-22,P04,25,2,0,0,15.6,5.4,7.0
2026-07-23,P04,25,3,0,0,16.1,6.4,8.0
2026-07-24,P04,25,4,0,0,17.6,6.1,8.0
2026-07-25,P04,25,5,1,0,22.9,6.4,8.5
2026-07-26,P04,25,6,1,0,19.1,5.6,7.0
2026-07-27,P04,25,0,0,0,13.8,6.0,8.3
2026-07-28,P04,25,1,0,0,16.0,6.1,7.0
2026-07-29,P04,25,2,0,0,16.0,6.1,6.8
2026-07-30,P04,25,3,0,0,17.7,5.1,7.7
2026-07-31,P04,25,4,0,0,16.0,6.7,8.0
2026-08-01,P04,25,5,1,0,18.6,4.8,6.9
2026-08-02,P04,25,6,1,0,20.1,5.9,7.5
2026-08-03,P04,25,0,0,0,17.2,5.3,6.4
2026-08-04,P04,25,1,0,0,16.7,5.8,7.4
2026-08-05,P04,25,2,0,0,15.9,5.9,8.4
2026-08-06,P04,25,3,0,0,14.9,5.4,7.9
2026-08-07,P04,25,4,0,0,18.1,5.9,6.7
2026-08-08,P04,25,5,1,0,18.6,6.1,6.8
2026-08-09,P04,25,6,1,0,22.8,7.1,7.6
2026-08-10,P04,25,0,0,0,17.0,5.9,8.2
2026-08-11,P04,25,1,0,0,16.5,6.0,8.3
2026-08-12,P04,25,2,0,0,17.1,7.0,6.5
2026-08-13,P04,25,3,0,0,15.9,5.6,8.0
2026-08-14,P04,25,4,0,0,16.0,6.3,6.8
2026-08-15,P04,25,5,1,0,20.5,7.1,8.5
2026-08-16,P04,25,6,1,0,18.8,6.2,8.0
2026-08-17,P04,25,0,0,0,16.0,5.5,7.9
2026-08-18,P04,25,1,0,0,16.6,6.3,7.4
2026-08-19,P04,25,2,0,0,18.8,5.6,7.2
2026-08-20,P04,25,3,0,0,17.0,6.4,6.7
2026-08-21,P04,25,4,0,0,17.8,5.3,7.5
2026-08-22,P04,25,5,1,0,20.3,5.7,8.2
2026-08-23,P04,25,6,1,0,18.3,5.6,7.0
2026-08-24,P04,25,0,0,0,17.4,6.7,8.0
2026-08-25,P04,25,1,0,0,17.9,4.9,7.6
2026-08-26,P04,25,2,0,0,15.1,5.8,7.6
2026-08-27,P04,25,3,0,0,16.6,6.7,6.3
2026-08-28,P04,25,4,0,0,15.7,5.3,6.5
2026-08-29,P04,25,5,1,0,21.6,6.1,8.4
2026-08-30,P04,25,6,1,0,21.8,6.0,6.9
2026-08-31,P04,25,0,0,0,17.5,5.7,6.8
2026-09-01,P04,25,1,0,0,15.4,6.1,8.3
2026-09-02,P04,25,2,0,0,16.6,6.6,7.6
2026-09-03,P04,25,3,0,0,16.1,7.3,8.6
2026-09-04,P04,25,4,0,0,16.7,5.6,6.5
2026-09-05,P04,25,5,1,0,21.0,5.9,7.8
2026-09-06,P04,25,6,1,0,20.9,6.2,8.2
2026-09-07,P04,25,0,0,0,16.8,5.7,7.0
2026-09-08,P04,25,1,0,0,17.1,5.5,7.9
2026-09-09,P04,25,2,0,0,17.2,6.0,7.0
2026-09-10,P04,25,3,0,0,14.7,5.5,6.5
2026-09-11,P04,25,4,0,0,16.5,5.8,6.9
2026-09-12,P04,25,5,1,0,21.5,6.1,7.5
2026-09-13,P04,25,6,1,0,21.2,6.5,6.5
2026-09-14,P04,25,0,0,0,17.2,5.1,7.0
2026-03-19,P05,120,3,0,0,84.4,30.5,38.1
2026-03-20,P05,120,4,0,0,80.5,32.2,31.7
2026-03-21,P05,120,5,1,0,98.0,29.1,42.1
2026-03-22,P05,120,6,1,0,104.4,31.4,34.0
2026-03-23,P05,120,0,0,0,90.3,30.0,33.3
2026-03-24,P05,120,1,0,0,90.8,25.6,33.7
2026-03-25,P05,120,2,0,0,78.5,26.7,37.7
2026-03-26,P05,120,3,0,0,80.9,29.2,41.7
2026-03-27,P05,120,4,0,0,71.8,32.1,33.8
2026-03-28,P05,120,5,1,0,106.5,33.4,42.8
2026-03-29,P05,120,6,1,0,98.6,26.3,37.1
2026-03-30,P05,120,0,0,0,79.3,24.9,38.3
2026-03-31,P05,120,1,0,0,75.2,32.3,39.0
2026-04-01,P05,120,2,0,0,78.3,29.0,35.5
2026-04-02,P05,120,3,0,0,77.4,36.1,33.5
2026-04-03,P05,120,4,0,0,79.9,31.2,35.1
2026-04-04,P05,120,5,1,0,96.5,25.9,39.6
2026-04-05,P05,120,6,1,0,102.9,30.0,31.8
2026-04-06,P05,120,0,0,0,82.0,29.6,35.2
2026-04-07,P05,120,1,0,0,73.0,28.8,33.7
2026-04-08,P05,120,2,0,0,80.0,29.1,35.2
2026-04-09,P05,120,3,0,0,83.8,28.8,37.7
2026-04-10,P05,120,4,0,0,81.6,31.3,33.4
2026-04-11,P05,120,5,1,0,97.9,31.1,36.6
2026-04-12,P05,120,6,1,0,104.9,30.7,34.9
2026-04-13,P05,120,0,0,0,83.8,28.4,39.0
2026-04-14,P05,120,1,0,0,88.5,31.5,42.8
2026-04-15,P05,120,2,0,0,72.2,27.7,35.4
2026-04-16,P05,120,3,0,0,77.7,29.8,35.1
2026-04-17,P05,120,4,0,0,84.9,31.2,37.4
2026-04-18,P05,120,5,1,0,94.7,30.2,38.1
2026-04-19,P05,120,6,1,0,101.2,29.0,40.2
2026-04-20,P05,120,0,0,0,77.0,28.1,38.1
2026-04-21,P05,120,1,0,0,82.1,30.9,35.4
2026-04-22,P05,120,2,0,0,73.3,26.1,34.9
2026-04-23,P05,120,3,0,0,83.4,30.8,30.9
2026-04-24,P05,120,4,0,0,82.2,28.7,33.2
2026-04-25,P05,120,5,1,0,110.0,29.6,38.6
2026-04-26,P05,120,6,1,0,111.8,27.6,35.0
2026-04-27,P05,120,0,0,0,86.7,25.9,36.4
2026-04-28,P05,120,1,0,0,79.8,31.2,37.4
2026-04-29,P05,120,2,0,0,75.2,31.2,38.6
2026-04-30,P05,120,3,0,0,74.6,27.4,34.7
2026-05-01,P05,120,4,0,0,74.1,31.4,35.2
2026-05-02,P05,120,5,1,0,98.2,26.5,35.0
2026-05-03,P05,120,6,1,0,106.6,30.7,31.5
2026-05-04,P05,120,0,0,0,74.9,30.4,34.7
2026-05-05,P05,120,1,0,0,77.0,27.0,32.3
2026-05-06,P05,120,2,0,0,80.1,28.1,39.5
2026-05-07,P05,120,3,0,0,79.3,26.7,38.2
2026-05-08,P05,120,4,0,0,86.0,27.2,31.3
2026-05-09,P05,120,5,1,0,97.2,25.8,40.9
2026-05-10,P05,120,6,1,0,92.9,28.2,40.4
2026-05-11,P05,120,0,0,0,83.8,27.8,33.9
2026-05-12,P05,120,1,0,0,78.7,28.4,40.5
2026-05-13,P05,120,2,0,0,78.9,25.8,39.0
2026-05-14,P05,120,3,0,0,84.6,28.4,38.4
2026-05-15,P05,120,4,0,0,79.8,26.2,35.9
2026-05-16,P05,120,5,1,0,94.0,27.5,33.5
2026-05-17,P05,120,6,1,0,101.1,29.4,32.4
2026-05-18,P05,120,0,0,0,75.2,28.9,37.5
2026-05-19,P05,120,1,0,0,79.9,23.8,39.9
2026-05-20,P05,120,2,0,0,88.1,32.6,37.8
2026-05-21,P05,120,3,0,0,82.8,27.4,36.7
2026-05-22,P05,120,4,0,0,74.2,29.2,32.0
2026-05-23,P05,120,5,1,0,102.3,28.1,38.4
2026-05-24,P05,120,6,1,0,100.4,27.9,38.6
2026-05-25,P05,120,0,0,0,74.0,28.3,34.6
2026-05-26,P05,120,1,0,0,83.2,28.8,37.0
2026-05-27,P05,120,2,0,0,82.1,23.5,33.5
2026-05-28,P05,120,3,0,0,80.2,31.3,37.8
2026-05-29,P05,120,4,0,0,85.9,28.4,36.5
2026-05-30,P05,120,5,1,0,97.1,27.9,33.8
2026-05-31,P05,120,6,1,0,96.9,28.5,34.3
2026-06-01,P05,120,0,0,0,79.7,24.7,37.4
2026-06-02,P05,120,1,0,0,80.5,30.0,34.8
2026-06-03,P05,120,2,0,0,77.2,31.2,35.7
2026-06-04,P05,120,3,0,0,89.1,25.7,35.5
2026-06-05,P05,120,4,0,0,74.2,27.1,33.9
2026-06-06,P05,120,5,1,0,97.2,30.8,32.9
2026-06-07,P05,120,6,1,0,102.4,25.6,35.0
2026-06-08,P05,120,0,0,0,85.9,30.0,37.0
2026-06-09,P05,120,1,0,0,82.6,30.3,38.0
2026-06-10,P05,120,2,0,0,86.3,26.5,36.0
2026-06-11,P05,120,3,0,0,82.6,30.7,37.8
2026-06-12,P05,120,4,0,0,85.8,27.8,32.3
2026-06-13,P05,120,5,1,0,105.6,28.9,34.6
2026-06-14,P05,120,6,1,0,99.7,27.9,39.1
2026-06-15,P05,120,0,0,0,83.9,29.7,37.7
2026-06-16,P05,120,1,0,0,79.8,31.3,29.3
2026-06-17,P05,120,2,0,0,74.0,28.9,35.0
2026-06-18,P05,120,3,0,0,75.1,30.4,33.4
2026-06-19,P05,120,4,0,0,80.6,29.2,36.4
2026-06-20,P05,120,5,1,0,95.5,28.5,39.7
2026-06-21,P05,120,6,1,0,102.1,31.2,36.0
2026-06-22,P05,120,0,0,0,71.5,27.9,35.7
2026-06-23,P05,120,1,0,0,85.8,31.6,37.4
2026-06-24,P05,120,2,0,0,75.5,29.2,35.4
2026-06-25,P05,120,3,0,0,78.4,26.1,37.5
2026-06-26,P05,120,4,0,0,79.5,30.8,32.0
2026-06-27,P05,120,5,1,0,94.1,37.4,33.6
2026-06-28,P05,120,6,1,0,100.9,30.0,33.3
2026-06-29,P05,120,0,0,0,87.9,28.8,36.6
2026-06-30,P05,120,1,0,0,88.3,27.1,34.8
2026-07-01,P05,120,2,0,0,78.0,25.8,37.0
2026-07-02,P05,120,3,0,0,81.9,29.4,38.1
2026-07-03,P05,120,4,0,0,83.7,29.7,35.5
2026-07-04,P05,120,5,1,0,105.3,27.3,40.2
2026-07-05,P05,120,6,1,0,98.6,30.7,41.5
2026-07-06,P05,120,0,0,0,68.8,28.5,35.0
2026-07-07,P05,120,1,0,0,87.8,28.0,44.1
2026-07-08,P05,120,2,0,0,72.3,29.8,35.1
2026-07-09,P05,120,3,0,0,82.0,27.6,34.9
2026-07-10,P05,120,4,0,0,70.9,29.2,31.8
2026-07-11,P05,120,5,1,0,93.2,29.1,35.8
2026-07-12,P05,120,6,1,0,104.4,25.8,37.4
2026-07-13,P05,120,0,0,0,81.1,28.2,33.9
2026-07-14,P05,120,1,0,0,79.2,31.0,35.1
2026-07-15,P05,120,2,0,0,83.7,28.3,41.2
2026-07-16,P05,120,3,0,0,79.7,28.5,31.5
2026-07-17,P05,120,4,0,0,72.8,29.8,35.5
2026-07-18,P05,120,5,1,0,100.8,27.4,35.7
2026-07-19,P05,120,6,1,0,96.5,29.6,35.6
2026-07-20,P05,120,0,0,0,88.5,27.4,39.4
2026-07-21,P05,120,1,0,0,74.6,27.9,33.7
2026-07-22,P05,120,2,0,0,85.6,30.0,36.6
2026-07-23,P05,120,3,0,0,80.7,26.4,40.2
2026-07-24,P05,120,4,0,0,86.2,28.9,36.2
2026-07-25,P05,120,5,1,0,102.6,28.5,35.6
2026-07-26,P05,120,6,1,0,97.2,28.1,34.8
2026-07-27,P05,120,0,0,0,83.1,28.2,34.9
2026-07-28,P05,120,1,0,0,76.6,25.5,40.7
2026-07-29,P05,120,2,0,0,82.0,31.0,34.6
2026-07-30,P05,120,3,0,0,86.6,29.3,40.4
2026-07-31,P05,120,4,0,0,79.5,28.8,34.7
2026-08-01,P05,120,5,1,0,99.9,29.5,40.5
2026-08-02,P05,120,6,1,0,106.9,29.2,39.7
2026-08-03,P05,120,0,0,0,66.6,27.9,36.9
2026-08-04,P05,120,1,0,0,83.8,29.9,36.0
2026-08-05,P05,120,2,0,0,77.4,27.1,41.7
2026-08-06,P05,120,3,0,0,85.0,32.0,36.2
2026-08-07,P05,120,4,0,0,77.1,30.2,36.1
2026-08-08,P05,120,5,1,0,98.9,28.9,34.4
2026-08-09,P05,120,6,1,0,95.3,28.4,32.2
2026-08-10,P05,120,0,0,0,82.5,30.9,34.0
2026-08-11,P05,120,1,0,0,70.9,29.9,36.9
2026-08-12,P05,120,2,0,0,79.7,25.9,30.6
2026-08-13,P05,120,3,0,0,87.8,28.4,37.6
2026-08-14,P05,120,4,0,0,79.3,29.9,32.5
2026-08-15,P05,120,5,1,0,97.4,25.8,33.0
2026-08-16,P05,120,6,1,0,96.1,24.8,34.8
2026-08-17,P05,120,0,0,0,76.2,26.2,35.8
2026-08-18,P05,120,1,0,0,79.5,27.0,42.0
2026-08-19,P05,120,2,0,0,83.0,31.5,35.2
2026-08-20,P05,120,3,0,0,83.9,30.7,33.2
2026-08-21,P05,120,4,0,0,76.3,35.7,35.0
2026-08-22,P05,120,5,1,0,101.8,28.4,38.6
2026-08-23,P05,120,6,1,0,94.8,26.6,39.5
2026-08-24,P05,120,0,0,0,80.6,23.2,36.3
2026-08-25,P05,120,1,0,0,78.7,30.6,37.1
2026-08-26,P05,120,2,0,0,81.2,29.1,37.0
2026-08-27,P05,120,3,0,0,74.1,27.1,33.7
2026-08-28,P05,120,4,0,0,73.2,30.8,39.3
2026-08-29,P05,120,5,1,0,102.4,27.6,34.6
2026-08-30,P05,120,6,1,0,97.4,31.5,37.7
2026-08-31,P05,120,0,0,0,87.9,26.7,35.5
2026-09-01,P05,120,1,0,0,73.6,25.7,35.7
2026-09-02,P05,120,2,0,0,78.0,27.8,31.7
2026-09-03,P05,120,3,0,0,80.5,28.3,38.8
2026-09-04,P05,120,4,0,0,82.2,25.9,37.3
2026-09-05,P05,120,5,1,0,96.6,32.5,36.1
2026-09-06,P05,120,6,1,0,97.1,28.0,31.8
2026-09-07,P05,120,0,0,0,85.7,33.9,31.2
2026-09-08,P05,120,1,0,0,78.4,28.7,34.5
2026-09-09,P05,120,2,0,0,85.4,31.8,35.5
2026-09-10,P05,120,3,0,0,89.5,29.0,35.5
2026-09-11,P05,120,4,0,0,80.9,27.2,40.4
2026-09-12,P05,120,5,1,0,102.4,28.1,35.6
2026-09-13,P05,120,6,1,0,95.2,29.6,32.4
2026-09-14,P05,120,0,0,0,79.6,27.7,37.8
2026-03-19,P06,57,3,0,0,40.4,14.7,17.1
2026-03-20,P06,57,4,0,0,36.4,13.5,17.3
2026-03-21,P06,57,5,1,0,48.6,13.2,15.9
2026-03-22,P06,57,6,1,0,47.9,15.3,19.9
2026-03-23,P06,57,0,0,0,39.8,12.7,19.2
2026-03-24,P06,57,1,0,0,36.1,13.0,17.9
2026-03-25,P06,57,2,0,0,34.9,14.7,17.2
2026-03-26,P06,57,3,0,0,38.9,12.9,18.4
2026-03-27,P06,57,4,0,0,39.2,13.4,18.6
2026-03-28,P06,57,5,1,0,41.4,14.2,17.1
2026-03-29,P06,57,6,1,0,45.7,14.0,18.0
2026-03-30,P06,57,0,0,0,36.3,13.7,17.2
2026-03-31,P06,57,1,0,0,38.9,15.2,16.6
2026-04-01,P06,57,2,0,0,41.0,12.4,17.7
2026-04-02,P06,57,3,0,0,34.1,13.9,18.3
2026-04-03,P06,57,4,0,0,42.6,13.9,16.2
2026-04-04,P06,57,5,1,0,49.8,13.9,17.4
2026-04-05,P06,57,6,1,0,49.6,15.0,14.9
2026-04-06,P06,57,0,0,0,38.1,13.8,15.8
2026-04-07,P06,57,1,0,0,34.3,13.7,16.6
2026-04-08,P06,57,2,0,0,36.4,13.7,16.8
2026-04-09,P06,57,3,0,0,38.0,15.6,17.2
2026-04-10,P06,57,4,0,0,42.3,15.2,18.6
2026-04-11,P06,57,5,1,0,45.8,13.5,16.0
2026-04-12,P06,57,6,1,0,48.5,13.7,17.9
2026-04-13,P06,57,0,0,0,38.7,14.0,16.8
2026-04-14,P06,57,1,0,0,35.8,13.3,18.3
2026-04-15,P06,57,2,0,0,37.6,13.8,18.5
2026-04-16,P06,57,3,0,0,39.1,12.2,17.2
2026-04-17,P06,57,4,0,0,36.0,13.8,17.8
2026-04-18,P06,57,5,1,0,48.7,15.7,16.6
2026-04-19,P06,57,6,1,0,46.8,14.5,18.6
2026-04-20,P06,57,0,0,0,35.7,14.6,18.2
2026-04-21,P06,57,1,0,0,37.7,13.5,18.3
2026-04-22,P06,57,2,0,0,39.0,14.3,16.3
2026-04-23,P06,57,3,0,0,34.1,13.7,16.9
2026-04-24,P06,57,4,0,0,39.0,13.0,18.2
2026-04-25,P06,57,5,1,0,48.4,13.0,18.6
2026-04-26,P06,57,6,1,0,46.7,13.0,17.6
2026-04-27,P06,57,0,0,0,38.0,12.8,18.1
2026-04-28,P06,57,1,0,0,38.0,13.0,14.9
2026-04-29,P06,57,2,0,0,39.0,13.9,17.4
2026-04-30,P06,57,3,0,0,41.1,11.1,19.0
2026-05-01,P06,57,4,0,0,41.1,12.7,18.7
2026-05-02,P06,57,5,1,0,45.7,12.7,17.1
2026-05-03,P06,57,6,1,0,51.7,14.2,17.3
2026-05-04,P06,57,0,0,0,40.0,13.1,19.3
2026-05-05,P06,57,1,0,0,41.6,14.3,16.2
2026-05-06,P06,57,2,0,0,40.4,14.1,18.2
2026-05-07,P06,57,3,0,0,40.6,14.3,16.0
2026-05-08,P06,57,4,0,0,41.4,14.1,17.7
2026-05-09,P06,57,5,1,0,48.9,14.2,18.3
2026-05-10,P06,57,6,1,0,48.0,13.6,16.5
2026-05-11,P06,57,0,0,0,36.8,13.5,18.6
2026-05-12,P06,57,1,0,0,37.2,13.7,17.1
2026-05-13,P06,57,2,0,0,39.2,14.5,20.0
2026-05-14,P06,57,3,0,0,34.8,13.6,18.1
2026-05-15,P06,57,4,0,0,34.2,15.7,17.1
2026-05-16,P06,57,5,1,0,45.7,14.9,14.2
2026-05-17,P06,57,6,1,0,48.0,12.7,17.3
2026-05-18,P06,57,0,0,0,38.9,14.7,17.8
2026-05-19,P06,57,1,0,0,42.8,13.9,16.8
2026-05-20,P06,57,2,0,0,40.8,13.7,17.9
2026-05-21,P06,57,3,0,0,29.0,14.3,17.2
2026-05-22,P06,57,4,0,0,37.0,13.1,18.5
2026-05-23,P06,57,5,1,0,42.9,17.3,18.9
2026-05-24,P06,57,6,1,0,48.3,15.9,17.7
2026-05-25,P06,57,0,0,0,36.0,15.0,15.0
2026-05-26,P06,57,1,0,0,39.4,15.1,18.0
2026-05-27,P06,57,2,0,0,34.7,14.0,17.1
2026-05-28,P06,57,3,0,0,36.3,11.3,15.6
2026-05-29,P06,57,4,0,0,36.9,15.1,21.1
2026-05-30,P06,57,5,1,0,49.5,12.9,16.7
2026-05-31,P06,57,6,1,0,50.0,14.5,17.8
2026-06-01,P06,57,0,0,0,38.5,15.1,20.4
2026-06-02,P06,57,1,0,0,38.0,14.0,18.0
2026-06-03,P06,57,2,0,0,37.0,11.4,18.0
2026-06-04,P06,57,3,0,0,36.3,15.3,17.5
2026-06-05,P06,57,4,0,0,41.4,12.9,18.8
2026-06-06,P06,57,5,1,0,43.8,14.9,16.9
2026-06-07,P06,57,6,1,0,49.6,13.4,18.2
2026-06-08,P06,57,0,0,0,39.2,14.2,17.9
2026-06-09,P06,57,1,0,0,41.8,13.2,19.2
2026-06-10,P06,57,2,0,0,37.2,15.2,20.5
2026-06-11,P06,57,3,0,0,36.2,11.4,17.5
2026-06-12,P06,57,4,0,0,36.4,13.2,16.8
2026-06-13,P06,57,5,1,0,46.3,15.4,18.8
2026-06-14,P06,57,6,1,0,50.1,16.4,16.2
2026-06-15,P06,57,0,0,0,32.3,16.1,17.6
2026-06-16,P06,57,1,0,0,37.9,11.8,15.4
2026-06-17,P06,57,2,0,0,39.6,13.7,14.3
2026-06-18,P06,57,3,0,0,35.9,15.0,19.0
2026-06-19,P06,57,4,0,0,38.5,17.0,18.7
2026-06-20,P06,57,5,1,0,51.6,15.3,18.4
2026-06-21,P06,57,6,1,0,44.5,12.1,16.3
2026-06-22,P06,57,0,0,0,38.6,13.8,17.8
2026-06-23,P06,57,1,0,0,38.0,14.3,18.6
2026-06-24,P06,57,2,0,0,38.0,13.5,13.7
2026-06-25,P06,57,3,0,0,40.0,13.0,16.0
2026-06-26,P06,57,4,0,0,40.0,14.8,18.2
2026-06-27,P06,57,5,1,0,49.7,12.6,17.0
2026-06-28,P06,57,6,1,0,46.3,15.7,18.5
2026-06-29,P06,57,0,0,0,37.4,14.8,17.8
2026-06-30,P06,57,1,0,0,37.7,14.3,18.5
2026-07-01,P06,57,2,0,0,37.7,12.4,17.8
2026-07-02,P06,57,3,0,0,37.4,12.6,16.2
2026-07-03,P06,57,4,0,0,37.4,13.9,18.1
2026-07-04,P06,57,5,1,0,47.0,14.3,16.8
2026-07-05,P06,57,6,1,0,48.8,14.3,18.1
2026-07-06,P06,57,0,0,0,41.3,13.5,15.1
2026-07-07,P06,57,1,0,0,37.8,14.7,17.3
2026-07-08,P06,57,2,0,0,38.7,11.9,16.1
2026-07-09,P06,57,3,0,0,39.2,14.7,16.2
2026-07-10,P06,57,4,0,0,38.8,13.0,15.7
2026-07-11,P06,57,5,1,0,47.7,14.1,17.8
2026-07-12,P06,57,6,1,0,49.2,15.7,18.6
2026-07-13,P06,57,0,0,0,37.2,14.9,15.2
2026-07-14,P06,57,1,0,0,38.2,15.0,18.2
2026-07-15,P06,57,2,0,0,39.9,15.9,16.3
2026-07-16,P06,57,3,0,0,39.8,13.7,18.8
2026-07-17,P06,57,4,0,0,38.3,14.7,19.4
2026-07-18,P06,57,5,1,0,48.9,13.6,16.8
2026-07-19,P06,57,6,1,0,45.9,15.0,19.1
2026-07-20,P06,57,0,0,0,37.4,11.8,16.4
2026-07-21,P06,57,1,0,0,39.0,12.8,14.6
2026-07-22,P06,57,2,0,0,37.0,11.6,17.7
2026-07-23,P06,57,3,0,0,37.1,13.9,19.1
2026-07-24,P06,57,4,0,0,35.9,11.4,17.2
2026-07-25,P06,57,5,1,0,48.6,12.2,16.8
2026-07-26,P06,57,6,1,0,46.7,13.9,16.4
2026-07-27,P06,57,0,0,0,44.1,13.5,17.5
2026-07-28,P06,57,1,0,0,36.9,10.9,19.2
2026-07-29,P06,57,2,0,0,30.8,15.3,15.4
2026-07-30,P06,57,3,0,0,34.9,13.7,20.3
2026-07-31,P06,57,4,0,0,38.7,13.6,16.2
2026-08-01,P06,57,5,1,0,49.0,13.4,18.3
2026-08-02,P06,57,6,1,0,43.0,14.4,17.7
2026-08-03,P06,57,0,0,0,34.9,12.7,17.1
2026-08-04,P06,57,1,0,0,36.9,14.1,15.3
2026-08-05,P06,57,2,0,0,36.0,16.2,16.1
2026-08-06,P06,57,3,0,0,37.0,13.6,16.9
2026-08-07,P06,57,4,0,0,40.8,13.2,18.5
2026-08-08,P06,57,5,1,0,45.6,14.7,17.0
2026-08-09,P06,57,6,1,0,47.1,13.7,18.0
2026-08-10,P06,57,0,0,0,35.3,12.7,20.1
2026-08-11,P06,57,1,0,0,39.2,13.4,18.2
2026-08-12,P06,57,2,0,0,37.9,11.3,17.5
2026-08-13,P06,57,3,0,0,37.7,14.2,16.2
2026-08-14,P06,57,4,0,0,37.5,15.1,17.1
2026-08-15,P06,57,5,1,0,46.5,14.2,16.7
2026-08-16,P06,57,6,1,0,49.9,13.6,17.8
2026-08-17,P06,57,0,0,0,36.4,12.4,18.3
2026-08-18,P06,57,1,0,0,38.6,14.5,18.3
2026-08-19,P06,57,2,0,0,34.7,14.0,14.5
2026-08-20,P06,57,3,0,0,39.2,12.6,17.9
2026-08-21,P06,57,4,0,0,39.7,13.2,17.2
2026-08-22,P06,57,5,1,0,50.3,12.0,18.2
2026-08-23,P06,57,6,1,0,47.8,14.9,15.0
2026-08-24,P06,57,0,0,0,38.0,15.0,19.2
2026-08-25,P06,57,1,0,0,36.3,13.5,19.8
2026-08-26,P06,57,2,0,0,34.8,13.8,17.5
2026-08-27,P06,57,3,0,0,38.4,12.8,18.6
2026-08-28,P06,57,4,0,0,40.0,15.8,16.2
2026-08-29,P06,57,5,1,0,46.4,15.0,19.8
2026-08-30,P06,57,6,1,0,47.5,12.1,17.0
2026-08-31,P06,57,0,0,0,40.2,14.6,18.8
2026-09-01,P06,57,1,0,0,42.4,13.3,16.0
2026-09-02,P06,57,2,0,0,35.3,13.7,18.7
2026-09-03,P06,57,3,0,0,41.9,14.1,17.3
2026-09-04,P06,57,4,0,0,37.7,15.2,16.2
2026-09-05,P06,57,5,1,0,47.3,13.7,17.2
2026-09-06,P06,57,6,1,0,51.6,12.8,20.7
2026-09-07,P06,57,0,0,0,36.5,12.9,16.4
2026-09-08,P06,57,1,0,0,39.5,13.8,18.8
2026-09-09,P06,57,2,0,0,36.1,12.0,16.8
2026-09-10,P06,57,3,0,0,38.6,12.2,17.1
2026-09-11,P06,57,4,0,0,39.2,12.9,16.1
2026-09-12,P06,57,5,1,0,45.0,13.7,17.9
2026-09-13,P06,57,6,1,0,53.8,15.1,15.5
2026-09-14,P06,57,0,0,0,34.5,13.7,19.4
2026-03-19,P07,122,3,0,0,83.9,28.1,39.6
2026-03-20,P07,122,4,0,0,87.4,32.8,33.5
2026-03-21,P07,122,5,1,0,103.0,26.3,34.3
2026-03-22,P07,122,6,1,0,94.7,28.7,32.5
2026-03-23,P07,122,0,0,0,84.4,29.3,34.1
2026-03-24,P07,122,1,0,0,83.0,32.9,37.7
2026-03-25,P07,122,2,0,0,77.9,28.7,36.4
2026-03-26,P07,122,3,0,0,77.3,25.3,35.6
2026-03-27,P07,122,4,0,0,86.7,27.4,31.0
2026-03-28,P07,122,5,1,0,100.4,31.9,31.6
2026-03-29,P07,122,6,1,0,101.8,30.3,38.3
2026-03-30,P07,122,0,0,0,83.4,30.8,32.0
2026-03-31,P07,122,1,0,0,83.7,32.6,36.0
2026-04-01,P07,122,2,0,0,82.5,27.0,40.5
2026-04-02,P07,122,3,0,0,77.7,33.2,35.6
2026-04-03,P07,122,4,0,0,84.0,28.1,42.2
2026-04-04,P07,122,5,1,0,91.3,30.2,30.6
2026-04-05,P07,122,6,1,0,95.0,33.8,39.3
2026-04-06,P07,122,0,0,0,71.0,29.3,34.9
2026-04-07,P07,122,1,0,0,83.4,33.7,38.6
2026-04-08,P07,122,2,0,0,82.8,30.5,33.5
2026-04-09,P07,122,3,0,0,84.1,31.5,34.9
2026-04-10,P07,122,4,0,0,77.6,32.7,37.3
2026-04-11,P07,122,5,1,0,95.4,28.3,35.3
2026-04-12,P07,122,6,1,0,100.5,29.2,35.9
2026-04-13,P07,122,0,0,0,88.8,31.3,41.0
2026-04-14,P07,122,1,0,0,72.5,29.6,40.1
2026-04-15,P07,122,2,0,0,84.2,27.7,34.5
2026-04-16,P07,122,3,0,0,85.3,28.8,38.6
2026-04-17,P07,122,4,0,0,81.4,29.1,37.0
2026-04-18,P07,122,5,1,0,96.8,33.3,38.3
2026-04-19,P07,122,6,1,0,107.6,28.1,35.1
2026-04-20,P07,122,0,0,0,79.1,27.3,38.7
2026-04-21,P07,122,1,0,0,84.1,28.1,35.7
2026-04-22,P07,122,2,0,0,82.5,27.6,35.5
2026-04-23,P07,122,3,0,0,88.2,27.6,35.2
2026-04-24,P07,122,4,0,0,92.8,24.3,33.2
2026-04-25,P07,122,5,1,0,109.6,28.4,38.1
2026-04-26,P07,122,6,1,0,111.1,27.7,34.9
2026-04-27,P07,122,0,0,0,82.7,29.2,35.1
2026-04-28,P07,122,1,0,0,80.0,26.2,38.0
2026-04-29,P07,122,2,0,0,84.7,29.0,36.0
2026-04-30,P07,122,3,0,0,83.3,28.1,35.8
2026-05-01,P07,122,4,0,0,80.4,32.8,36.5
2026-05-02,P07,122,5,1,0,100.3,29.0,35.5
2026-05-03,P07,122,6,1,0,96.2,27.2,39.2
2026-05-04,P07,122,0,0,0,77.9,29.6,35.3
2026-05-05,P07,122,1,0,0,74.3,28.2,40.8
2026-05-06,P07,122,2,0,0,78.7,27.8,35.4
2026-05-07,P07,122,3,0,0,79.1,29.9,35.5
2026-05-08,P07,122,4,0,0,80.2,28.2,37.7
2026-05-09,P07,122,5,1,0,102.4,29.8,38.5
2026-05-10,P07,122,6,1,0,100.4,32.2,38.0
2026-05-11,P07,122,0,0,0,87.9,29.2,37.5
2026-05-12,P07,122,1,0,0,77.4,29.4,39.1
2026-05-13,P07,122,2,0,0,78.9,32.8,36.8
2026-05-14,P07,122,3,0,0,88.3,26.9,35.9
2026-05-15,P07,122,4,0,0,78.3,31.7,38.6
2026-05-16,P07,122,5,1,0,100.5,28.3,36.6
2026-05-17,P07,122,6,1,0,104.4,31.3,36.5
2026-05-18,P07,122,0,0,0,78.5,29.6,37.1
2026-05-19,P07,122,1,0,0,81.9,28.3,41.8
2026-05-20,P07,122,2,0,0,77.6,32.9,40.8
2026-05-21,P07,122,3,0,0,85.3,33.7,38.3
2026-05-22,P07,122,4,0,0,79.2,28.1,34.7
2026-05-23,P07,122,5,1,0,104.9,25.9,32.5
2026-05-24,P07,122,6,1,0,108.3,31.7,37.9
2026-05-25,P07,122,0,0,0,85.2,31.2,36.1
2026-05-26,P07,122,1,0,0,73.6,32.4,38.0
2026-05-27,P07,122,2,0,0,74.0,29.7,35.3
2026-05-28,P07,122,3,0,0,80.1,28.6,38.3
2026-05-29,P07,122,4,0,0,79.7,26.6,38.6
2026-05-30,P07,122,5,1,0,103.2,26.0,37.9
2026-05-31,P07,122,6,1,0,105.2,29.0,37.2
2026-06-01,P07,122,0,0,0,77.0,25.2,38.2
2026-06-02,P07,122,1,0,0,80.3,30.3,36.0
2026-06-03,P07,122,2,0,0,79.4,29.7,36.5
2026-06-04,P07,122,3,0,0,84.9,28.3,32.4
2026-06-05,P07,122,4,0,0,81.4,26.3,29.2
2026-06-06,P07,122,5,1,0,95.5,28.3,34.3
2026-06-07,P07,122,6,1,0,93.4,28.8,40.2
2026-06-08,P07,122,0,0,0,84.7,29.4,39.4
2026-06-09,P07,122,1,0,0,78.6,27.3,38.7
2026-06-10,P07,122,2,0,0,75.4,30.1,36.6
2026-06-11,P07,122,3,0,0,78.9,28.3,40.0
2026-06-12,P07,122,4,0,0,73.0,30.0,35.8
2026-06-13,P07,122,5,1,0,97.3,29.4,37.6
2026-06-14,P07,122,6,1,0,100.6,29.9,40.8
2026-06-15,P07,122,0,0,0,77.8,30.3,31.6
2026-06-16,P07,122,1,0,0,82.9,25.0,38.5
2026-06-17,P07,122,2,0,0,78.4,29.7,32.4
2026-06-18,P07,122,3,0,0,80.8,31.3,38.5
2026-06-19,P07,122,4,0,0,80.6,29.3,40.0
2026-06-20,P07,122,5,1,0,104.4,27.9,35.0
2026-06-21,P07,122,6,1,0,97.6,29.3,33.3
2026-06-22,P07,122,0,0,0,70.2,28.8,37.4
2026-06-23,P07,122,1,0,0,81.6,31.9,32.9
2026-06-24,P07,122,2,0,0,78.2,26.0,37.4
2026-06-25,P07,122,3,0,0,80.2,28.2,36.8
2026-06-26,P07,122,4,0,0,77.3,26.9,41.3
2026-06-27,P07,122,5,1,0,104.8,28.9,32.2
2026-06-28,P07,122,6,1,0,99.8,30.7,37.2
2026-06-29,P07,122,0,0,0,85.6,32.2,36.4
2026-06-30,P07,122,1,0,0,78.4,28.2,35.5
2026-07-01,P07,122,2,0,0,85.1,28.3,31.7
2026-07-02,P07,122,3,0,0,82.9,29.1,35.3
2026-07-03,P07,122,4,0,0,71.2,32.1,38.7
2026-07-04,P07,122,5,1,0,95.4,29.7,33.5
2026-07-05,P07,122,6,1,0,94.3,24.4,39.0
2026-07-06,P07,122,0,0,0,84.9,28.6,36.5
2026-07-07,P07,122,1,0,0,89.2,27.6,33.2
2026-07-08,P07,122,2,0,0,81.3,30.6,35.8
2026-07-09,P07,122,3,0,0,73.8,27.5,38.7
2026-07-10,P07,122,4,0,0,84.1,25.4,33.1
2026-07-11,P07,122,5,1,0,96.1,29.3,43.1
2026-07-12,P07,122,6,1,0,99.5,29.5,34.3
2026-07-13,P07,122,0,0,0,93.2,27.9,35.2
2026-07-14,P07,122,1,0,0,81.4,26.2,39.0
2026-07-15,P07,122,2,0,0,80.6,27.4,34.9
2026-07-16,P07,122,3,0,0,71.5,28.0,30.0
2026-07-17,P07,122,4,0,0,78.5,28.2,34.9
2026-07-18,P07,122,5,1,0,98.0,27.4,40.3
2026-07-19,P07,122,6,1,0,107.8,28.9,40.0
2026-07-20,P07,122,0,0,0,79.2,28.6,34.2
2026-07-21,P07,122,1,0,0,84.1,30.8,32.9
2026-07-22,P07,122,2,0,0,81.5,28.1,34.0
2026-07-23,P07,122,3,0,0,80.6,24.8,35.4
2026-07-24,P07,122,4,0,0,89.8,30.4,33.3
2026-07-25,P07,122,5,1,0,103.5,29.5,35.7
2026-07-26,P07,122,6,1,0,98.0,29.3,34.9
2026-07-27,P07,122,0,0,0,79.8,31.1,39.1
2026-07-28,P07,122,1,0,0,74.4,28.2,41.4
2026-07-29,P07,122,2,0,0,89.4,30.2,41.4
2026-07-30,P07,122,3,0,0,86.5,29.0,30.8
2026-07-31,P07,122,4,0,0,80.4,26.3,37.1
2026-08-01,P07,122,5,1,0,109.3,29.9,34.4
2026-08-02,P07,122,6,1,0,95.2,24.7,31.1
2026-08-03,P07,122,0,0,0,88.6,31.3,36.3
2026-08-04,P07,122,1,0,0,79.9,29.2,36.6
2026-08-05,P07,122,2,0,0,87.4,30.3,30.9
2026-08-06,P07,122,3,0,0,85.8,24.8,35.5
2026-08-07,P07,122,4,0,0,74.0,29.4,33.0
2026-08-08,P07,122,5,1,0,94.2,26.9,39.1
2026-08-09,P07,122,6,1,0,100.0,30.9,40.7
2026-08-10,P07,122,0,0,0,81.8,30.7,33.8
2026-08-11,P07,122,1,0,0,80.3,26.6,38.3
2026-08-12,P07,122,2,0,0,85.1,31.6,36.6
2026-08-13,P07,122,3,0,0,85.0,29.0,35.0
2026-08-14,P07,122,4,0,0,83.1,31.0,43.1
2026-08-15,P07,122,5,1,0,104.4,26.8,33.8
2026-08-16,P07,122,6,1,0,94.6,29.5,33.4
2026-08-17,P07,122,0,0,0,87.3,28.7,38.6
2026-08-18,P07,122,1,0,0,81.4,30.1,33.6
2026-08-19,P07,122,2,0,0,80.5,28.3,36.4
2026-08-20,P07,122,3,0,0,81.3,30.9,35.3
2026-08-21,P07,122,4,0,0,84.7,30.1,41.5
2026-08-22,P07,122,5,1,0,84.8,27.8,40.4
2026-08-23,P07,122,6,1,0,88.7,32.8,36.9
2026-08-24,P07,122,0,0,0,70.8,31.0,33.6
2026-08-25,P07,122,1,0,0,76.3,32.8,35.5
2026-08-26,P07,122,2,0,0,76.0,34.1,39.4
2026-08-27,P07,122,3,0,0,79.1,27.5,36.1
2026-08-28,P07,122,4,0,0,88.3,27.0,32.9
2026-08-29,P07,122,5,1,0,107.0,28.7,37.0
2026-08-30,P07,122,6,1,0,103.4,28.4,29.6
2026-08-31,P07,122,0,0,0,79.7,32.3,43.0
2026-09-01,P07,122,1,0,0,80.1,29.3,40.7
2026-09-02,P07,122,2,0,0,83.6,30.0,30.9
2026-09-03,P07,122,3,0,0,78.7,29.8,32.2
2026-09-04,P07,122,4,0,0,78.9,33.4,35.9
2026-09-05,P07,122,5,1,0,93.9,24.9,36.6
2026-09-06,P07,122,6,1,0,98.1,27.3,37.3
2026-09-07,P07,122,0,0,0,82.1,29.7,37.7
2026-09-08,P07,122,1,0,0,74.7,27.8,35.7
2026-09-09,P07,122,2,0,0,80.4,31.7,34.5
2026-09-10,P07,122,3,0,0,76.9,32.8,37.1
2026-09-11,P07,122,4,0,0,73.9,28.6,33.0
2026-09-12,P07,122,5,1,0,95.4,26.2,34.3
2026-09-13,P07,122,6,1,0,110.8,31.7,40.7
2026-09-14,P07,122,0,0,0,86.0,29.0,37.9
2026-03-19,P08,110,3,0,0,73.6,24.3,30.1
2026-03-20,P08,110,4,0,0,77.1,24.0,33.8
2026-03-21,P08,110,5,1,0,94.3,28.2,34.2
2026-03-22,P08,110,6,1,0,86.1,27.7,32.9
2026-03-23,P08,110,0,0,0,68.8,22.4,34.4
2026-03-24,P08,110,1,0,0,66.3,23.0,37.9
2026-03-25,P08,110,2,0,0,67.8,25.7,33.4
2026-03-26,P08,110,3,0,0,73.4,24.4,31.4
2026-03-27,P08,110,4,0,0,76.6,26.0,33.2
2026-03-28,P08,110,5,1,0,81.9,25.4,35.5
2026-03-29,P08,110,6,1,0,88.2,24.6,34.2
2026-03-30,P08,110,0,0,0,75.7,27.3,31.7
2026-03-31,P08,110,1,0,0,76.4,30.1,36.3
2026-04-01,P08,110,2,0,0,66.3,32.8,29.7
2026-04-02,P08,110,3,0,0,67.7,27.2,33.0
2026-04-03,P08,110,4,0,0,74.7,29.4,35.7
2026-04-04,P08,110,5,1,0,87.5,26.7,35.9
2026-04-05,P08,110,6,1,0,96.0,29.0,35.4
2026-04-06,P08,110,0,0,0,76.2,25.5,29.7
2026-04-07,P08,110,1,0,0,75.0,25.6,36.5
2026-04-08,P08,110,2,0,0,69.3,25.8,32.1
2026-04-09,P08,110,3,0,0,77.4,28.2,33.3
2026-04-10,P08,110,4,0,0,74.4,30.0,28.5
2026-04-11,P08,110,5,1,0,94.7,28.9,36.5
2026-04-12,P08,110,6,1,0,94.9,24.9,31.8
2026-04-13,P08,110,0,0,0,76.0,25.3,32.7
2026-04-14,P08,110,1,0,0,66.5,24.1,34.2
2026-04-15,P08,110,2,0,0,71.2,25.0,32.7
2026-04-16,P08,110,3,0,0,74.4,26.0,33.7
2026-04-17,P08,110,4,0,0,73.5,26.1,33.2
2026-04-18,P08,110,5,1,0,87.5,25.5,28.3
2026-04-19,P08,110,6,1,0,86.3,24.1,32.2
2026-04-20,P08,110,0,0,0,78.1,26.6,33.6
2026-04-21,P08,110,1,0,0,69.0,27.2,37.7
2026-04-22,P08,110,2,0,0,72.7,24.8,30.1
2026-04-23,P08,110,3,0,0,74.3,24.6,35.1
2026-04-24,P08,110,4,0,0,68.7,23.1,34.5
2026-04-25,P08,110,5,1,0,85.7,27.9,36.0
2026-04-26,P08,110,6,1,0,88.8,27.0,36.9
2026-04-27,P08,110,0,0,0,71.1,30.0,32.4
2026-04-28,P08,110,1,0,0,69.0,26.8,33.8
2026-04-29,P08,110,2,0,0,78.1,28.5,34.2
2026-04-30,P08,110,3,0,0,76.0,27.0,35.3
2026-05-01,P08,110,4,0,0,70.8,24.3,33.8
2026-05-02,P08,110,5,1,0,103.2,28.3,31.4
2026-05-03,P08,110,6,1,0,97.5,22.6,32.6
2026-05-04,P08,110,0,0,0,74.9,25.2,31.7
2026-05-05,P08,110,1,0,0,72.4,25.4,31.1
2026-05-06,P08,110,2,0,0,68.4,23.3,30.7
2026-05-07,P08,110,3,0,0,72.7,28.7,31.5
2026-05-08,P08,110,4,0,0,67.8,30.0,30.2
2026-05-09,P08,110,5,1,0,91.8,24.6,31.3
2026-05-10,P08,110,6,1,0,93.1,27.6,36.6
2026-05-11,P08,110,0,0,0,76.0,26.9,34.9
2026-05-12,P08,110,1,0,0,68.6,29.2,34.6
2026-05-13,P08,110,2,0,0,75.3,27.9,29.3
2026-05-14,P08,110,3,0,0,68.1,26.9,33.6
2026-05-15,P08,110,4,0,0,75.6,26.8,32.7
2026-05-16,P08,110,5,1,0,96.9,27.3,35.2
2026-05-17,P08,110,6,1,0,96.6,29.3,34.1
2026-05-18,P08,110,0,0,0,76.3,27.2,36.1
2026-05-19,P08,110,1,0,0,83.1,24.4,31.2
2026-05-20,P08,110,2,0,0,80.1,27.0,32.1
2026-05-21,P08,110,3,0,0,70.1,28.6,34.7
2026-05-22,P08,110,4,0,0,81.9,26.4,35.6
2026-05-23,P08,110,5,1,0,98.6,23.5,30.4
2026-05-24,P08,110,6,1,0,92.6,25.4,32.1
2026-05-25,P08,110,0,0,0,70.2,26.3,30.8
2026-05-26,P08,110,1,0,0,67.5,27.4,33.6
2026-05-27,P08,110,2,0,0,77.4,27.7,34.4
2026-05-28,P08,110,3,0,0,76.4,24.6,31.9
2026-05-29,P08,110,4,0,0,74.3,28.6,35.0
2026-05-30,P08,110,5,1,0,90.5,26.2,33.9
2026-05-31,P08,110,6,1,0,86.3,28.4,35.3
2026-06-01,P08,110,0,0,0,77.2,28.7,35.9
2026-06-02,P08,110,1,0,0,64.8,27.1,29.4
2026-06-03,P08,110,2,0,0,68.9,26.3,36.4
2026-06-04,P08,110,3,0,0,74.6,27.1,38.0
2026-06-05,P08,110,4,0,0,74.2,24.6,29.5
2026-06-06,P08,110,5,1,0,87.6,26.8,29.1
2026-06-07,P08,110,6,1,0,93.3,27.2,31.3
2026-06-08,P08,110,0,0,0,73.6,27.7,31.6
2026-06-09,P08,110,1,0,0,76.3,25.1,34.8
2026-06-10,P08,110,2,0,0,79.5,27.3,29.8
2026-06-11,P08,110,3,0,0,73.5,26.8,30.9
2026-06-12,P08,110,4,0,0,67.6,25.8,35.5
2026-06-13,P08,110,5,1,0,95.0,29.1,33.1
2026-06-14,P08,110,6,1,0,100.0,24.8,34.4
2026-06-15,P08,110,0,0,0,72.1,29.8,33.3
2026-06-16,P08,110,1,0,0,68.6,27.1,30.3
2026-06-17,P08,110,2,0,0,69.3,28.6,33.2
2026-06-18,P08,110,3,0,0,76.9,24.7,36.7
2026-06-19,P08,110,4,0,0,72.3,22.4,30.9
2026-06-20,P08,110,5,1,0,85.3,23.5,34.6
2026-06-21,P08,110,6,1,0,93.0,27.8,31.3
2026-06-22,P08,110,0,0,0,75.4,23.5,31.9
2026-06-23,P08,110,1,0,0,72.4,25.4,33.5
2026-06-24,P08,110,2,0,0,73.0,27.6,34.0
2026-06-25,P08,110,3,0,0,77.3,25.6,35.0
2026-06-26,P08,110,4,0,0,74.3,27.1,33.6
2026-06-27,P08,110,5,1,0,81.9,30.7,30.8
2026-06-28,P08,110,6,1,0,87.9,25.9,29.8
2026-06-29,P08,110,0,0,0,80.8,25.3,31.4
2026-06-30,P08,110,1,0,0,69.5,27.5,36.9
2026-07-01,P08,110,2,0,0,74.3,24.9,36.8
2026-07-02,P08,110,3,0,0,74.4,25.1,33.0
2026-07-03,P08,110,4,0,0,73.7,27.1,33.2
2026-07-04,P08,110,5,1,0,91.5,30.5,40.8
2026-07-05,P08,110,6,1,0,92.2,24.6,30.4
2026-07-06,P08,110,0,0,0,76.7,23.1,32.7
2026-07-07,P08,110,1,0,0,74.8,27.0,32.2
2026-07-08,P08,110,2,0,0,81.2,28.3,32.0
2026-07-09,P08,110,3,0,0,76.5,26.2,31.9
2026-07-10,P08,110,4,0,0,71.3,29.1,31.7
2026-07-11,P08,110,5,1,0,91.1,28.8,34.0
2026-07-12,P08,110,6,1,0,92.4,25.2,39.4
2026-07-13,P08,110,0,0,0,76.7,21.5,36.7
2026-07-14,P08,110,1,0,0,67.5,23.7,31.4
2026-07-15,P08,110,2,0,0,78.6,26.0,33.8
2026-07-16,P08,110,3,0,0,65.8,28.9,32.5
2026-07-17,P08,110,4,0,0,67.5,27.3,34.5
2026-07-18,P08,110,5,1,0,91.8,29.3,34.8
2026-07-19,P08,110,6,1,0,98.0,26.5,33.5
2026-07-20,P08,110,0,0,0,76.9,29.1,32.3
2026-07-21,P08,110,1,0,0,81.4,26.8,33.2
2026-07-22,P08,110,2,0,0,75.1,24.8,28.9
2026-07-23,P08,110,3,0,0,82.1,28.9,30.8
2026-07-24,P08,110,4,0,0,73.7,27.9,31.9
2026-07-25,P08,110,5,1,0,97.7,25.5,35.9
2026-07-26,P08,110,6,1,0,88.6,27.7,37.4
2026-07-27,P08,110,0,0,0,75.2,25.5,33.8
2026-07-28,P08,110,1,0,0,76.3,25.7,32.2
2026-07-29,P08,110,2,0,0,80.8,29.6,31.5
2026-07-30,P08,110,3,0,0,67.3,23.9,30.3
2026-07-31,P08,110,4,0,0,71.9,26.4,29.6
2026-08-01,P08,110,5,1,0,92.1,20.4,33.6
2026-08-02,P08,110,6,1,0,98.4,24.0,25.6
2026-08-03,P08,110,0,0,0,73.8,28.1,32.1
2026-08-04,P08,110,1,0,0,74.1,29.3,37.7
2026-08-05,P08,110,2,0,0,75.7,24.0,33.7
2026-08-06,P08,110,3,0,0,68.7,26.6,32.6
2026-08-07,P08,110,4,0,0,70.6,29.8,32.6
2026-08-08,P08,110,5,1,0,84.9,27.4,35.1
2026-08-09,P08,110,6,1,0,91.6,24.9,32.1
2026-08-10,P08,110,0,0,0,70.5,25.5,31.4
2026-08-11,P08,110,1,0,0,72.1,23.7,33.9
2026-08-12,P08,110,2,0,0,69.7,28.5,34.2
2026-08-13,P08,110,3,0,0,79.7,23.7,37.0
2026-08-14,P08,110,4,0,0,72.6,27.9,35.6
2026-08-15,P08,110,5,1,0,95.6,26.7,34.4
2026-08-16,P08,110,6,1,0,91.0,28.1,30.9
2026-08-17,P08,110,0,0,0,74.9,29.9,38.6
2026-08-18,P08,110,1,0,0,77.8,29.7,34.6
2026-08-19,P08,110,2,0,0,77.7,30.7,33.1
2026-08-20,P08,110,3,0,0,66.1,26.2,33.7
2026-08-21,P08,110,4,0,0,69.5,24.0,31.9
2026-08-22,P08,110,5,1,0,86.0,28.5,37.8
2026-08-23,P08,110,6,1,0,94.4,23.6,33.8
2026-08-24,P08,110,0,0,0,69.3,27.2,31.0
2026-08-25,P08,110,1,0,0,77.4,28.1,32.4
2026-08-26,P08,110,2,0,0,75.3,26.7,37.8
2026-08-27,P08,110,3,0,0,64.8,27.5,36.5
2026-08-28,P08,110,4,0,0,71.5,25.5,33.7
2026-08-29,P08,110,5,1,0,87.4,25.4,30.5
2026-08-30,P08,110,6,1,0,90.6,22.1,31.6
2026-08-31,P08,110,0,0,0,75.6,25.8,32.1
2026-09-01,P08,110,1,0,0,77.1,29.9,31.3
2026-09-02,P08,110,2,0,0,78.4,22.9,31.0
2026-09-03,P08,110,3,0,0,75.5,27.1,33.6
2026-09-04,P08,110,4,0,0,76.9,26.2,35.3
2026-09-05,P08,110,5,1,0,89.2,25.3,28.2
2026-09-06,P08,110,6,1,0,94.4,24.7,35.9
2026-09-07,P08,110,0,0,0,77.5,26.1,33.5
2026-09-08,P08,110,1,0,0,74.0,26.2,29.4
2026-09-09,P08,110,2,0,0,79.5,25.4,34.6
2026-09-10,P08,110,3,0,0,74.4,27.2,33.8
2026-09-11,P08,110,4,0,0,77.1,24.7,35.9
2026-09-12,P08,110,5,1,0,92.1,26.7,32.1
2026-09-13,P08,110,6,1,0,91.2,27.8,30.1
2026-09-14,P08,110,0,0,0,65.6,26.0,35.1
2026-03-19,P09,51,3,0,0,33.7,13.8,17.2
2026-03-20,P09,51,4,0,0,37.2,13.9,15.9
2026-03-21,P09,51,5,1,0,44.0,11.8,12.2
2026-03-22,P09,51,6,1,0,43.7,11.7,15.3
2026-03-23,P09,51,0,0,0,29.2,13.4,15.3
2026-03-24,P09,51,1,0,0,33.1,11.3,14.6
2026-03-25,P09,51,2,0,0,32.6,11.5,13.8
2026-03-26,P09,51,3,0,0,33.9,12.1,16.7
2026-03-27,P09,51,4,0,0,30.7,12.0,14.5
2026-03-28,P09,51,5,1,0,43.6,12.4,16.7
2026-03-29,P09,51,6,1,0,46.7,12.5,16.3
2026-03-30,P09,51,0,0,0,32.8,12.3,15.6
2026-03-31,P09,51,1,0,0,38.7,11.3,15.4
2026-04-01,P09,51,2,0,0,34.3,11.7,16.0
2026-04-02,P09,51,3,0,0,34.3,12.6,14.7
2026-04-03,P09,51,4,0,0,35.8,11.5,15.1
2026-04-04,P09,51,5,1,0,44.6,13.9,14.7
2026-04-05,P09,51,6,1,0,44.2,12.4,16.9
2026-04-06,P09,51,0,0,0,34.5,14.2,17.5
2026-04-07,P09,51,1,0,0,32.3,12.1,14.7
2026-04-08,P09,51,2,0,0,34.1,10.7,13.5
2026-04-09,P09,51,3,0,0,36.4,12.8,16.5
2026-04-10,P09,51,4,0,0,32.4,11.4,15.4
2026-04-11,P09,51,5,1,0,45.7,12.5,15.8
2026-04-12,P09,51,6,1,0,45.3,12.9,15.8
2026-04-13,P09,51,0,0,0,35.2,12.3,17.6
2026-04-14,P09,51,1,0,0,34.1,11.8,16.4
2026-04-15,P09,51,2,0,0,36.3,12.0,16.5
2026-04-16,P09,51,3,0,0,36.5,9.1,13.4
2026-04-17,P09,51,4,0,0,35.1,11.5,17.7
2026-04-18,P09,51,5,1,0,43.5,12.4,15.7
2026-04-19,P09,51,6,1,0,42.1,11.8,15.7
2026-04-20,P09,51,0,0,0,36.4,10.9,15.9
2026-04-21,P09,51,1,0,0,33.4,12.6,14.7
2026-04-22,P09,51,2,0,0,34.6,11.4,15.6
2026-04-23,P09,51,3,0,0,33.8,10.8,16.1
2026-04-24,P09,51,4,0,0,28.5,12.1,13.7
2026-04-25,P09,51,5,1,0,43.4,12.1,16.6
2026-04-26,P09,51,6,1,0,42.5,12.3,17.0
2026-04-27,P09,51,0,0,0,33.3,12.4,17.4
2026-04-28,P09,51,1,0,0,35.7,14.5,16.2
2026-04-29,P09,51,2,0,0,33.2,13.5,16.7
2026-04-30,P09,51,3,0,0,33.7,13.0,15.5
2026-05-01,P09,51,4,0,0,35.3,12.5,15.4
2026-05-02,P09,51,5,1,0,46.4,12.9,13.9
2026-05-03,P09,51,6,1,0,43.3,12.2,16.0
2026-05-04,P09,51,0,0,0,34.8,12.8,13.5
2026-05-05,P09,51,1,0,0,31.1,13.9,15.6
2026-05-06,P09,51,2,0,0,37.1,13.0,14.9
2026-05-07,P09,51,3,0,0,30.8,13.0,16.2
2026-05-08,P09,51,4,0,0,37.9,12.3,15.7
2026-05-09,P09,51,5,1,0,39.2,11.9,15.9
2026-05-10,P09,51,6,1,0,42.2,11.6,17.4
2026-05-11,P09,51,0,0,0,37.6,11.4,15.7
2026-05-12,P09,51,1,0,0,33.4,14.0,15.9
2026-05-13,P09,51,2,0,0,35.5,11.5,17.2
2026-05-14,P09,51,3,0,0,33.7,14.3,17.0
2026-05-15,P09,51,4,0,0,33.0,13.0,15.9
2026-05-16,P09,51,5,1,0,42.4,13.2,15.6
2026-05-17,P09,51,6,1,0,42.9,11.8,14.7
2026-05-18,P09,51,0,0,0,34.5,12.7,16.9
2026-05-19,P09,51,1,0,0,31.5,12.6,17.6
2026-05-20,P09,51,2,0,0,32.9,11.4,14.4
2026-05-21,P09,51,3,0,0,35.9,11.2,15.6
2026-05-22,P09,51,4,0,0,32.9,11.9,15.2
2026-05-23,P09,51,5,1,0,42.1,12.1,15.5
2026-05-24,P09,51,6,1,0,43.4,12.0,16.2
2026-05-25,P09,51,0,0,0,33.3,12.0,15.6
2026-05-26,P09,51,1,0,0,30.8,11.7,14.8
2026-05-27,P09,51,2,0,0,32.2,12.2,14.7
2026-05-28,P09,51,3,0,0,32.4,13.5,18.2
2026-05-29,P09,51,4,0,0,36.3,12.8,17.0
2026-05-30,P09,51,5,1,0,43.5,12.2,15.7
2026-05-31,P09,51,6,1,0,42.2,10.3,14.5
2026-06-01,P09,51,0,0,0,32.6,13.0,15.0
2026-06-02,P09,51,1,0,0,30.6,12.4,15.9
2026-06-03,P09,51,2,0,0,35.9,12.8,18.6
2026-06-04,P09,51,3,0,0,32.5,13.8,16.7
2026-06-05,P09,51,4,0,0,33.0,12.3,14.7
2026-06-06,P09,51,5,1,0,42.6,12.0,15.0
2026-06-07,P09,51,6,1,0,42.9,11.4,17.0
2026-06-08,P09,51,0,0,0,36.1,11.8,16.7
2026-06-09,P09,51,1,0,0,32.1,10.7,16.0
2026-06-10,P09,51,2,0,0,35.4,11.7,16.2
2026-06-11,P09,51,3,0,0,38.3,15.5,14.5
2026-06-12,P09,51,4,0,0,35.0,11.2,19.1
2026-06-13,P09,51,5,1,0,42.0,13.3,15.7
2026-06-14,P09,51,6,1,0,40.7,12.3,13.9
2026-06-15,P09,51,0,0,0,33.0,12.2,15.9
2026-06-16,P09,51,1,0,0,29.6,12.4,18.8
2026-06-17,P09,51,2,0,0,32.3,12.8,15.1
2026-06-18,P09,51,3,0,0,28.5,11.5,14.7
2026-06-19,P09,51,4,0,0,36.0,12.4,15.3
2026-06-20,P09,51,5,1,0,44.3,12.6,15.4
2026-06-21,P09,51,6,1,0,44.3,11.1,15.3
2026-06-22,P09,51,0,0,0,36.9,10.3,14.6
2026-06-23,P09,51,1,0,0,34.6,12.7,15.2
2026-06-24,P09,51,2,0,0,35.2,11.6,16.8
2026-06-25,P09,51,3,0,0,34.7,14.3,16.6
2026-06-26,P09,51,4,0,0,35.4,13.9,14.6
2026-06-27,P09,51,5,1,0,42.3,10.7,16.7
2026-06-28,P09,51,6,1,0,46.3,12.0,14.1
2026-06-29,P09,51,0,0,0,36.6,11.7,15.0
2026-06-30,P09,51,1,0,0,37.5,12.1,15.4
2026-07-01,P09,51,2,0,0,37.6,13.1,14.3
2026-07-02,P09,51,3,0,0,37.4,10.7,16.8
2026-07-03,P09,51,4,0,0,35.3,12.0,14.6
2026-07-04,P09,51,5,1,0,40.6,14.2,15.7
2026-07-05,P09,51,6,1,0,41.6,13.0,17.1
2026-07-06,P09,51,0,0,0,35.0,13.2,16.8
2026-07-07,P09,51,1,0,0,34.4,12.8,15.4
2026-07-08,P09,51,2,0,0,32.3,11.2,16.2
2026-07-09,P09,51,3,0,0,32.8,12.5,15.3
2026-07-10,P09,51,4,0,0,36.3,12.8,16.0
2026-07-11,P09,51,5,1,0,42.3,12.3,15.2
2026-07-12,P09,51,6,1,0,43.4,10.8,15.6
2026-07-13,P09,51,0,0,0,35.1,12.9,14.2
2026-07-14,P09,51,1,0,0,33.4,12.1,14.9
2026-07-15,P09,51,2,0,0,31.8,11.4,15.6
2026-07-16,P09,51,3,0,0,35.1,12.6,14.5
2026-07-17,P09,51,4,0,0,35.1,12.3,15.0
2026-07-18,P09,51,5,1,0,41.0,12.0,16.5
2026-07-19,P09,51,6,1,0,42.5,12.4,14.3
2026-07-20,P09,51,0,0,0,40.0,10.2,13.1
2026-07-21,P09,51,1,0,0,33.2,12.7,17.8
2026-07-22,P09,51,2,0,0,35.4,12.8,16.7
2026-07-23,P09,51,3,0,0,34.5,10.5,15.9
2026-07-24,P09,51,4,0,0,34.7,14.6,14.7
2026-07-25,P09,51,5,1,0,45.5,11.1,17.5
2026-07-26,P09,51,6,1,0,43.1,13.3,16.5
2026-07-27,P09,51,0,0,0,35.7,12.6,14.8
2026-07-28,P09,51,1,0,0,34.0,11.7,15.5
2026-07-29,P09,51,2,0,0,31.0,12.6,16.8
2026-07-30,P09,51,3,0,0,36.8,13.8,15.8
2026-07-31,P09,51,4,0,0,34.0,12.2,16.1
2026-08-01,P09,51,5,1,0,44.4,12.8,13.9
2026-08-02,P09,51,6,1,0,45.7,12.9,16.8
2026-08-03,P09,51,0,0,0,34.4,12.2,18.0
2026-08-04,P09,51,1,0,0,32.1,10.8,18.1
2026-08-05,P09,51,2,0,0,34.8,12.0,14.9
2026-08-06,P09,51,3,0,0,30.2,14.3,16.5
2026-08-07,P09,51,4,0,0,35.4,13.3,14.5
2026-08-08,P09,51,5,1,0,43.8,13.6,12.8
2026-08-09,P09,51,6,1,0,44.1,13.2,15.7
2026-08-10,P09,51,0,0,0,32.5,12.3,15.0
2026-08-11,P09,51,1,0,0,35.0,11.9,16.5
2026-08-12,P09,51,2,0,0,33.2,12.0,17.0
2026-08-13,P09,51,3,0,0,34.0,13.0,14.0
2026-08-14,P09,51,4,0,0,37.4,11.0,15.7
2026-08-15,P09,51,5,1,0,42.4,11.7,15.2
2026-08-16,P09,51,6,1,0,45.4,14.2,15.3
2026-08-17,P09,51,0,0,0,33.6,10.6,17.7
2026-08-18,P09,51,1,0,0,32.1,11.6,15.7
2026-08-19,P09,51,2,0,0,35.8,14.0,18.3
2026-08-20,P09,51,3,0,0,35.9,12.0,14.8
2026-08-21,P09,51,4,0,0,33.9,13.3,16.8
2026-08-22,P09,51,5,1,0,44.1,10.6,14.9
2026-08-23,P09,51,6,1,0,45.9,11.9,15.5
2026-08-24,P09,51,0,0,0,39.9,12.4,17.4
2026-08-25,P09,51,1,0,0,38.1,13.2,15.0
2026-08-26,P09,51,2,0,0,29.6,11.6,16.4
2026-08-27,P09,51,3,0,0,35.5,13.6,14.2
2026-08-28,P09,51,4,0,0,34.7,10.4,14.5
2026-08-29,P09,51,5,1,0,44.0,10.3,16.6
2026-08-30,P09,51,6,1,0,46.6,11.0,15.3
2026-08-31,P09,51,0,0,0,37.8,13.0,16.1
2026-09-01,P09,51,1,0,0,34.5,11.1,15.4
2026-09-02,P09,51,2,0,0,36.9,12.6,16.5
2026-09-03,P09,51,3,0,0,33.6,11.6,15.1
2026-09-04,P09,51,4,0,0,32.1,11.1,15.6
2026-09-05,P09,51,5,1,0,42.4,11.5,16.5
2026-09-06,P09,51,6,1,0,41.0,12.9,16.2
2026-09-07,P09,51,0,0,0,37.7,12.8,16.6
2026-09-08,P09,51,1,0,0,34.5,11.1,16.7
2026-09-09,P09,51,2,0,0,37.8,12.3,18.2
2026-09-10,P09,51,3,0,0,36.2,14.5,15.4
2026-09-11,P09,51,4,0,0,32.5,12.5,14.7
2026-09-12,P09,51,5,1,0,43.3,12.2,15.8
2026-09-13,P09,51,6,1,0,42.7,11.5,14.9
2026-09-14,P09,51,0,0,0,36.9,12.4,13.9
2026-03-19,P10,68,3,0,0,39.9,16.1,21.1
2026-03-20,P10,68,4,0,0,42.2,14.2,21.6
2026-03-21,P10,68,5,1,0,65.5,17.7,19.0
2026-03-22,P10,68,6,1,0,56.5,16.4,18.5
2026-03-23,P10,68,0,0,0,41.6,16.3,22.0
2026-03-24,P10,68,1,0,0,46.1,15.6,21.5
2026-03-25,P10,68,2,0,0,46.9,15.2,18.6
2026-03-26,P10,68,3,0,0,47.2,18.0,21.3
2026-03-27,P10,68,4,0,0,48.6,18.5,18.1
2026-03-28,P10,68,5,1,0,58.1,18.3,22.5
2026-03-29,P10,68,6,1,0,60.7,15.7,21.8
2026-03-30,P10,68,0,0,0,47.5,15.7,21.0
2026-03-31,P10,68,1,0,0,41.8,15.4,21.2
2026-04-01,P10,68,2,0,0,48.3,16.5,23.2
2026-04-02,P10,68,3,0,0,49.5,15.2,20.5
2026-04-03,P10,68,4,0,0,44.1,17.6,21.8
2026-04-04,P10,68,5,1,0,54.6,17.7,18.5
2026-04-05,P10,68,6,1,0,60.0,13.3,20.4
2026-04-06,P10,68,0,0,0,43.5,17.4,21.1
2026-04-07,P10,68,1,0,0,39.5,14.7,19.7
2026-04-08,P10,68,2,0,0,48.7,18.7,21.8
2026-04-09,P10,68,3,0,0,49.3,15.5,21.3
2026-04-10,P10,68,4,0,0,45.8,15.1,20.1
2026-04-11,P10,68,5,1,0,55.8,17.1,21.5
2026-04-12,P10,68,6,1,0,55.3,15.8,17.5
2026-04-13,P10,68,0,0,0,46.8,16.4,20.6
2026-04-14,P10,68,1,0,0,46.9,15.9,19.1
2026-04-15,P10,68,2,0,0,43.8,16.1,21.0
2026-04-16,P10,68,3,0,0,43.8,15.9,18.5
2026-04-17,P10,68,4,0,0,44.3,14.2,19.6
2026-04-18,P10,68,5,1,0,58.3,16.7,20.4
2026-04-19,P10,68,6,1,0,56.2,17.7,18.7
2026-04-20,P10,68,0,0,0,46.6,15.6,21.1
2026-04-21,P10,68,1,0,0,45.0,15.8,21.2
2026-04-22,P10,68,2,0,0,43.7,14.9,19.9
2026-04-23,P10,68,3,0,0,42.0,16.7,19.6
2026-04-24,P10,68,4,0,0,42.0,17.0,21.3
2026-04-25,P10,68,5,1,0,56.3,16.1,22.2
2026-04-26,P10,68,6,1,0,56.0,16.9,18.8
2026-04-27,P10,68,0,0,0,46.9,16.3,21.5
2026-04-28,P10,68,1,0,0,44.7,15.5,18.7
2026-04-29,P10,68,2,0,0,44.9,15.9,18.5
2026-04-30,P10,68,3,0,0,48.8,17.9,17.3
2026-05-01,P10,68,4,0,0,39.6,14.5,20.9
2026-05-02,P10,68,5,1,0,64.1,15.0,20.1
2026-05-03,P10,68,6,1,0,60.4,15.9,22.5
2026-05-04,P10,68,0,0,0,48.0,16.5,22.1
2026-05-05,P10,68,1,0,0,48.0,14.7,20.4
2026-05-06,P10,68,2,0,0,43.7,16.6,18.6
2026-05-07,P10,68,3,0,0,42.7,16.6,20.6
2026-05-08,P10,68,4,0,0,49.2,16.8,23.0
2026-05-09,P10,68,5,1,0,60.4,18.0,14.8
2026-05-10,P10,68,6,1,0,54.7,17.1,18.5
2026-05-11,P10,68,0,0,0,44.0,17.4,20.7
2026-05-12,P10,68,1,0,0,44.5,18.8,20.0
2026-05-13,P10,68,2,0,0,48.5,16.5,20.8
2026-05-14,P10,68,3,0,0,44.5,15.4,20.3
2026-05-15,P10,68,4,0,0,41.7,17.3,20.8
2026-05-16,P10,68,5,1,0,55.6,17.6,18.9
2026-05-17,P10,68,6,1,0,51.4,17.1,18.4
2026-05-18,P10,68,0,0,0,41.6,16.7,22.2
2026-05-19,P10,68,1,0,0,43.3,15.3,23.1
2026-05-20,P10,68,2,0,0,41.6,17.6,21.4
2026-05-21,P10,68,3,0,0,43.5,16.3,19.2
2026-05-22,P10,68,4,0,0,43.6,16.3,19.5
2026-05-23,P10,68,5,1,0,52.3,17.5,19.7
2026-05-24,P10,68,6,1,0,59.0,16.3,25.3
2026-05-25,P10,68,0,0,0,47.0,14.7,18.4
2026-05-26,P10,68,1,0,0,43.0,16.0,17.9
2026-05-27,P10,68,2,0,0,42.4,16.5,18.1
2026-05-28,P10,68,3,0,0,45.2,16.8,19.0
2026-05-29,P10,68,4,0,0,47.1,16.6,22.5
2026-05-30,P10,68,5,1,0,58.6,16.2,20.4
2026-05-31,P10,68,6,1,0,58.0,17.0,17.9
2026-06-01,P10,68,0,0,0,48.0,15.8,22.5
2026-06-02,P10,68,1,0,0,45.9,15.7,20.6
2026-06-03,P10,68,2,0,0,49.4,15.5,17.8
2026-06-04,P10,68,3,0,0,44.7,18.2,23.3
2026-06-05,P10,68,4,0,0,48.2,13.7,20.3
2026-06-06,P10,68,5,1,0,55.5,16.3,18.8
2026-06-07,P10,68,6,1,0,56.0,15.0,24.5
2026-06-08,P10,68,0,0,0,45.6,15.8,18.6
2026-06-09,P10,68,1,0,0,48.0,17.3,22.6
2026-06-10,P10,68,2,0,0,46.4,15.9,19.4
2026-06-11,P10,68,3,0,0,43.3,16.0,21.8
2026-06-12,P10,68,4,0,0,43.9,16.9,21.9
2026-06-13,P10,68,5,1,0,55.5,17.8,21.3
2026-06-14,P10,68,6,1,0,57.8,16.5,20.9
2026-06-15,P10,68,0,0,0,43.1,15.4,21.1
2026-06-16,P10,68,1,0,0,47.9,16.2,21.5
2026-06-17,P10,68,2,0,0,44.8,15.5,20.7
2026-06-18,P10,68,3,0,0,46.5,15.6,19.7
2026-06-19,P10,68,4,0,0,44.1,16.8,18.2
2026-06-20,P10,68,5,1,0,57.5,16.9,21.0
2026-06-21,P10,68,6,1,0,55.3,16.9,18.8
2026-06-22,P10,68,0,0,0,43.4,17.6,18.5
2026-06-23,P10,68,1,0,0,43.7,15.8,21.7
2026-06-24,P10,68,2,0,0,41.5,15.7,18.9
2026-06-25,P10,68,3,0,0,49.9,16.2,19.8
2026-06-26,P10,68,4,0,0,45.7,17.7,17.2
2026-06-27,P10,68,5,1,0,53.8,16.8,19.6
2026-06-28,P10,68,6,1,0,52.9,15.6,20.9
2026-06-29,P10,68,0,0,0,46.3,19.1,17.9
2026-06-30,P10,68,1,0,0,41.4,14.9,22.3
2026-07-01,P10,68,2,0,0,43.0,14.5,22.0
2026-07-02,P10,68,3,0,0,43.4,18.0,21.0
2026-07-03,P10,68,4,0,0,43.6,17.7,22.0
2026-07-04,P10,68,5,1,0,60.9,16.0,20.1
2026-07-05,P10,68,6,1,0,60.8,18.0,21.1
2026-07-06,P10,68,0,0,0,43.1,15.1,18.3
2026-07-07,P10,68,1,0,0,42.7,16.2,18.7
2026-07-08,P10,68,2,0,0,47.4,13.1,19.3
2026-07-09,P10,68,3,0,0,43.6,17.3,21.5
2026-07-10,P10,68,4,0,0,42.1,16.8,18.9
2026-07-11,P10,68,5,1,0,57.6,14.9,20.9
2026-07-12,P10,68,6,1,0,60.8,19.2,22.4
2026-07-13,P10,68,0,0,0,42.6,15.8,19.1
2026-07-14,P10,68,1,0,0,43.8,14.2,19.6
2026-07-15,P10,68,2,0,0,48.5,19.5,21.4
2026-07-16,P10,68,3,0,0,46.0,17.4,18.0
2026-07-17,P10,68,4,0,0,43.1,17.6,20.3
2026-07-18,P10,68,5,1,0,55.8,17.6,17.5
2026-07-19,P10,68,6,1,0,60.0,15.4,21.6
2026-07-20,P10,68,0,0,0,45.4,17.5,22.3
2026-07-21,P10,68,1,0,0,42.7,17.6,21.5
2026-07-22,P10,68,2,0,0,49.3,15.8,22.6
2026-07-23,P10,68,3,0,0,47.4,15.9,22.3
2026-07-24,P10,68,4,0,0,44.4,17.7,20.5
2026-07-25,P10,68,5,1,0,57.1,16.6,22.3
2026-07-26,P10,68,6,1,0,56.6,17.3,21.6
2026-07-27,P10,68,0,0,0,43.1,17.7,23.1
2026-07-28,P10,68,1,0,0,46.8,17.1,19.2
2026-07-29,P10,68,2,0,0,48.9,14.5,20.9
2026-07-30,P10,68,3,0,0,49.7,15.6,21.5
2026-07-31,P10,68,4,0,0,43.5,17.4,18.3
2026-08-01,P10,68,5,1,0,55.7,15.7,20.8
2026-08-02,P10,68,6,1,0,52.2,18.5,21.2
2026-08-03,P10,68,0,0,0,44.1,18.5,20.6
2026-08-04,P10,68,1,0,0,46.1,16.9,23.3
2026-08-05,P10,68,2,0,0,45.9,15.1,20.8
2026-08-06,P10,68,3,0,0,46.6,16.5,19.6
2026-08-07,P10,68,4,0,0,43.2,14.3,21.4
2026-08-08,P10,68,5,1,0,54.5,15.7,21.5
2026-08-09,P10,68,6,1,0,59.7,15.2,20.1
2026-08-10,P10,68,0,0,0,44.4,17.2,18.9
2026-08-11,P10,68,1,0,0,43.2,17.1,19.7
2026-08-12,P10,68,2,0,0,42.6,16.5,19.1
2026-08-13,P10,68,3,0,0,44.7,18.2,20.4
2026-08-14,P10,68,4,0,0,45.1,15.9,18.1
2026-08-15,P10,68,5,1,0,57.3,17.9,22.7
2026-08-16,P10,68,6,1,0,64.6,16.1,21.0
2026-08-17,P10,68,0,0,0,42.4,19.0,22.3
2026-08-18,P10,68,1,0,0,48.0,17.3,20.4
2026-08-19,P10,68,2,0,0,38.5,18.2,21.8
2026-08-20,P10,68,3,0,0,46.1,15.4,22.1
2026-08-21,P10,68,4,0,0,46.2,16.8,18.8
2026-08-22,P10,68,5,1,0,53.7,16.4,20.5
2026-08-23,P10,68,6,1,0,54.0,18.8,19.9
2026-08-24,P10,68,0,0,0,45.3,16.9,23.1
2026-08-25,P10,68,1,0,0,43.3,16.3,18.5
2026-08-26,P10,68,2,0,0,48.3,17.1,20.9
2026-08-27,P10,68,3,0,0,46.2,18.9,20.5
2026-08-28,P10,68,4,0,0,43.8,15.8,22.4
2026-08-29,P10,68,5,1,0,58.4,17.2,19.6
2026-08-30,P10,68,6,1,0,58.3,17.3,20.8
2026-08-31,P10,68,0,0,0,45.1,17.1,21.3
2026-09-01,P10,68,1,0,0,44.1,16.1,17.8
2026-09-02,P10,68,2,0,0,47.1,16.4,23.2
2026-09-03,P10,68,3,0,0,40.6,16.7,21.6
2026-09-04,P10,68,4,0,0,43.5,17.2,21.1
2026-09-05,P10,68,5,1,0,58.2,16.2,15.4
2026-09-06,P10,68,6,1,0,57.0,16.6,19.4
2026-09-07,P10,68,0,0,0,41.8,17.2,21.3
2026-09-08,P10,68,1,0,0,49.7,15.5,22.6
2026-09-09,P10,68,2,0,0,45.5,15.9,21.5
2026-09-10,P10,68,3,0,0,47.8,15.8,23.2
2026-09-11,P10,68,4,0,0,45.5,14.9,18.8
2026-09-12,P10,68,5,1,0,59.7,15.8,20.8
2026-09-13,P10,68,6,1,0,57.1,16.4,22.3
2026-09-14,P10,68,0,0,0,44.1,15.1,16.8
2026-03-19,P11,49,3,0,0,32.5,11.7,16.4
2026-03-20,P11,49,4,0,0,31.4,12.9,14.6
2026-03-21,P11,49,5,1,0,44.4,11.0,14.4
2026-03-22,P11,49,6,1,0,42.3,13.1,15.9
2026-03-23,P11,49,0,0,0,30.2,13.0,14.9
2026-03-24,P11,49,1,0,0,29.6,11.4,14.5
2026-03-25,P11,49,2,0,0,31.2,13.2,15.5
2026-03-26,P11,49,3,0,0,35.0,11.1,12.9
2026-03-27,P11,49,4,0,0,33.7,12.0,15.9
2026-03-28,P11,49,5,1,0,42.3,12.1,15.9
2026-03-29,P11,49,6,1,0,41.1,12.1,17.3
2026-03-30,P11,49,0,0,0,35.3,10.9,13.0
2026-03-31,P11,49,1,0,0,35.4,11.5,14.7
2026-04-01,P11,49,2,0,0,31.8,12.2,14.4
2026-04-02,P11,49,3,0,0,30.4,10.2,12.0
2026-04-03,P11,49,4,0,0,30.7,13.1,13.8
2026-04-04,P11,49,5,1,0,40.9,13.0,16.5
2026-04-05,P11,49,6,1,0,39.9,12.6,14.5
2026-04-06,P11,49,0,0,0,29.0,12.8,15.0
2026-04-07,P11,49,1,0,0,31.1,12.1,15.3
2026-04-08,P11,49,2,0,0,33.1,11.0,14.7
2026-04-09,P11,49,3,0,0,33.4,12.6,14.6
2026-04-10,P11,49,4,0,0,30.6,12.3,16.4
2026-04-11,P11,49,5,1,0,39.8,12.4,16.1
2026-04-12,P11,49,6,1,0,43.1,13.2,15.2
2026-04-13,P11,49,0,0,0,35.5,13.2,13.9
2026-04-14,P11,49,1,0,0,33.4,12.1,14.1
2026-04-15,P11,49,2,0,0,32.1,10.0,15.7
2026-04-16,P11,49,3,0,0,34.4,13.0,16.5
2026-04-17,P11,49,4,0,0,31.6,11.8,16.7
2026-04-18,P11,49,5,1,0,43.1,11.2,12.1
2026-04-19,P11,49,6,1,0,40.5,10.9,15.0
2026-04-20,P11,49,0,0,0,34.7,10.5,15.2
2026-04-21,P11,49,1,0,0,30.4,14.3,15.0
2026-04-22,P11,49,2,0,0,33.7,10.9,12.4
2026-04-23,P11,49,3,0,0,30.9,11.0,16.3
2026-04-24,P11,49,4,0,0,30.5,12.7,15.4
2026-04-25,P11,49,5,1,0,40.8,9.5,14.2
2026-04-26,P11,49,6,1,0,42.9,12.4,15.1
2026-04-27,P11,49,0,0,0,30.0,12.0,15.2
2026-04-28,P11,49,1,0,0,31.8,12.3,14.1
2026-04-29,P11,49,2,0,0,28.8,11.3,14.1
2026-04-30,P11,49,3,0,0,35.2,12.6,14.8
2026-05-01,P11,49,4,0,0,31.7,12.5,16.7
2026-05-02,P11,49,5,1,0,39.1,11.3,16.3
2026-05-03,P11,49,6,1,0,41.9,11.5,16.3
2026-05-04,P11,49,0,0,0,33.9,11.0,15.2
2026-05-05,P11,49,1,0,0,32.8,13.5,15.6
2026-05-06,P11,49,2,0,0,33.7,12.0,15.5
2026-05-07,P11,49,3,0,0,30.0,10.5,15.4
2026-05-08,P11,49,4,0,0,33.6,11.5,12.5
2026-05-09,P11,49,5,1,0,38.8,12.4,15.1
2026-05-10,P11,49,6,1,0,39.7,11.0,15.2
2026-05-11,P11,49,0,0,0,32.5,11.8,14.3
2026-05-12,P11,49,1,0,0,33.1,12.2,14.2
2026-05-13,P11,49,2,0,0,36.1,11.4,15.1
2026-05-14,P11,49,3,0,0,29.7,11.0,16.0
2026-05-15,P11,49,4,0,0,34.2,12.1,14.1
2026-05-16,P11,49,5,1,0,41.7,11.0,16.2
2026-05-17,P11,49,6,1,0,35.8,11.6,13.9
2026-05-18,P11,49,0,0,0,35.3,11.7,16.4
2026-05-19,P11,49,1,0,0,35.6,12.4,12.9
2026-05-20,P11,49,2,0,0,31.3,11.4,15.4
2026-05-21,P11,49,3,0,0,33.5,10.7,15.8
2026-05-22,P11,49,4,0,0,30.8,11.6,15.2
2026-05-23,P11,49,5,1,0,40.7,13.4,16.3
2026-05-24,P11,49,6,1,0,38.4,10.8,16.3
2026-05-25,P11,49,0,0,0,33.0,12.5,14.9
2026-05-26,P11,49,1,0,0,35.2,12.7,15.8
2026-05-27,P11,49,2,0,0,31.4,12.5,13.0
2026-05-28,P11,49,3,0,0,32.3,11.3,14.0
2026-05-29,P11,49,4,0,0,30.9,10.0,16.4
2026-05-30,P11,49,5,1,0,40.6,11.8,15.5
2026-05-31,P11,49,6,1,0,43.1,13.2,14.4
2026-06-01,P11,49,0,0,0,33.1,11.1,15.8
2026-06-02,P11,49,1,0,0,32.8,12.8,15.9
2026-06-03,P11,49,2,0,0,34.3,12.4,15.0
2026-06-04,P11,49,3,0,0,30.3,12.2,16.9
2026-06-05,P11,49,4,0,0,31.9,11.3,15.6
2026-06-06,P11,49,5,1,0,44.3,10.9,12.0
2026-06-07,P11,49,6,1,0,39.8,12.0,14.7
2026-06-08,P11,49,0,0,0,32.3,11.4,14.1
2026-06-09,P11,49,1,0,0,31.2,12.3,15.6
2026-06-10,P11,49,2,0,0,29.7,13.4,15.4
2026-06-11,P11,49,3,0,0,33.9,11.7,15.2
2026-06-12,P11,49,4,0,0,30.6,13.4,16.6
2026-06-13,P11,49,5,1,0,40.5,10.7,14.5
2026-06-14,P11,49,6,1,0,42.1,11.5,14.0
2026-06-15,P11,49,0,0,0,33.1,11.1,16.5
2026-06-16,P11,49,1,0,0,34.6,12.6,14.1
2026-06-17,P11,49,2,0,0,33.2,13.0,12.4
2026-06-18,P11,49,3,0,0,33.2,13.3,17.1
2026-06-19,P11,49,4,0,0,30.9,12.2,16.1
2026-06-20,P11,49,5,1,0,43.3,10.2,12.5
2026-06-21,P11,49,6,1,0,41.3,12.4,14.8
2026-06-22,P11,49,0,0,0,32.1,13.1,16.7
2026-06-23,P11,49,1,0,0,31.6,12.1,13.5
2026-06-24,P11,49,2,0,0,36.2,10.6,13.6
2026-06-25,P11,49,3,0,0,31.0,10.9,16.4
2026-06-26,P11,49,4,0,0,37.3,12.2,14.5
2026-06-27,P11,49,5,1,0,42.4,11.1,16.5
2026-06-28,P11,49,6,1,0,40.9,12.3,14.1
2026-06-29,P11,49,0,0,0,32.4,10.4,14.9
2026-06-30,P11,49,1,0,0,34.5,10.2,13.7
2026-07-01,P11,49,2,0,0,31.8,11.6,14.8
2026-07-02,P11,49,3,0,0,32.7,12.2,14.9
2026-07-03,P11,49,4,0,0,29.5,12.2,16.3
2026-07-04,P11,49,5,1,0,41.5,10.2,15.2
2026-07-05,P11,49,6,1,0,41.9,11.0,15.0
2026-07-06,P11,49,0,0,0,35.3,13.5,15.1
2026-07-07,P11,49,1,0,0,33.8,11.8,14.4
2026-07-08,P11,49,2,0,0,35.5,12.8,15.6
2026-07-09,P11,49,3,0,0,31.7,13.3,16.1
2026-07-10,P11,49,4,0,0,30.2,13.0,15.1
2026-07-11,P11,49,5,1,0,41.5,10.0,13.2
2026-07-12,P11,49,6,1,0,42.9,11.2,15.9
2026-07-13,P11,49,0,0,0,30.2,10.5,17.2
2026-07-14,P11,49,1,0,0,34.6,11.8,15.2
2026-07-15,P11,49,2,0,0,31.4,12.3,16.3
2026-07-16,P11,49,3,0,0,32.0,12.4,12.9
2026-07-17,P11,49,4,0,0,36.3,12.9,14.9
2026-07-18,P11,49,5,1,0,40.3,13.3,14.3
2026-07-19,P11,49,6,1,0,41.7,11.6,13.8
2026-07-20,P11,49,0,0,0,34.8,11.5,15.5
2026-07-21,P11,49,1,0,0,32.1,11.8,14.7
2026-07-22,P11,49,2,0,0,31.5,12.6,14.8
2026-07-23,P11,49,3,0,0,34.5,12.6,16.4
2026-07-24,P11,49,4,0,0,31.8,12.6,14.7
2026-07-25,P11,49,5,1,0,40.9,11.2,14.3
2026-07-26,P11,49,6,1,0,42.2,11.6,14.0
2026-07-27,P11,49,0,0,0,34.4,12.3,13.4
2026-07-28,P11,49,1,0,0,33.0,13.0,16.2
2026-07-29,P11,49,2,0,0,31.7,10.9,14.5
2026-07-30,P11,49,3,0,0,35.4,12.6,12.2
2026-07-31,P11,49,4,0,0,34.5,9.8,17.2
2026-08-01,P11,49,5,1,0,42.6,11.5,15.0
2026-08-02,P11,49,6,1,0,42.3,11.4,15.5
2026-08-03,P11,49,0,0,0,32.5,11.7,16.7
2026-08-04,P11,49,1,0,0,28.8,12.0,13.2
2026-08-05,P11,49,2,0,0,32.4,11.2,17.9
2026-08-06,P11,49,3,0,0,31.8,11.8,14.2
2026-08-07,P11,49,4,0,0,34.5,11.4,14.1
2026-08-08,P11,49,5,1,0,44.7,12.7,15.2
2026-08-09,P11,49,6,1,0,45.7,11.3,13.9
2026-08-10,P11,49,0,0,0,31.2,13.1,14.2
2026-08-11,P11,49,1,0,0,35.1,11.3,12.7
2026-08-12,P11,49,2,0,0,31.2,12.2,16.3
2026-08-13,P11,49,3,0,0,35.3,12.3,15.7
2026-08-14,P11,49,4,0,0,27.6,12.2,14.9
2026-08-15,P11,49,5,1,0,40.4,11.3,15.9
2026-08-16,P11,49,6,1,0,43.2,13.8,14.7
2026-08-17,P11,49,0,0,0,31.2,13.7,14.5
2026-08-18,P11,49,1,0,0,31.8,10.6,15.4
2026-08-19,P11,49,2,0,0,34.0,12.7,15.2
2026-08-20,P11,49,3,0,0,33.9,12.4,15.5
2026-08-21,P11,49,4,0,0,35.1,12.7,15.1
2026-08-22,P11,49,5,1,0,39.9,12.7,14.2
2026-08-23,P11,49,6,1,0,40.7,11.2,17.4
2026-08-24,P11,49,0,0,0,30.9,12.6,15.7
2026-08-25,P11,49,1,0,0,34.5,11.9,15.0
2026-08-26,P11,49,2,0,0,32.4,9.3,14.0
2026-08-27,P11,49,3,0,0,35.5,11.1,15.1
2026-08-28,P11,49,4,0,0,38.0,11.0,14.3
2026-08-29,P11,49,5,1,0,40.5,10.0,13.9
2026-08-30,P11,49,6,1,0,38.2,12.4,14.6
2026-08-31,P11,49,0,0,0,28.6,12.7,16.1
2026-09-01,P11,49,1,0,0,32.1,12.8,15.6
2026-09-02,P11,49,2,0,0,31.0,12.2,15.1
2026-09-03,P11,49,3,0,0,31.1,10.9,15.4
2026-09-04,P11,49,4,0,0,37.3,11.9,15.2
2026-09-05,P11,49,5,1,0,38.9,11.7,14.7
2026-09-06,P11,49,6,1,0,40.2,11.3,14.8
2026-09-07,P11,49,0,0,0,31.7,13.1,17.3
2026-09-08,P11,49,1,0,0,31.3,11.6,15.4
2026-09-09,P11,49,2,0,0,33.9,11.2,14.2
2026-09-10,P11,49,3,0,0,33.9,10.4,17.5
2026-09-11,P11,49,4,0,0,33.4,11.6,14.7
2026-09-12,P11,49,5,1,0,38.9,13.6,14.8
2026-09-13,P11,49,6,1,0,40.1,13.6,16.1
2026-09-14,P11,49,0,0,0,32.4,12.3,14.5
2026-03-19,P12,97,3,0,0,62.7,22.9,29.8
2026-03-20,P12,97,4,0,0,68.3,27.0,24.1
2026-03-21,P12,97,5,1,0,89.1,25.2,29.2
2026-03-22,P12,97,6,1,0,78.5,19.8,31.9
2026-03-23,P12,97,0,0,0,59.9,24.5,28.2
2026-03-24,P12,97,1,0,0,57.9,24.1,30.3
2026-03-25,P12,97,2,0,0,60.5,24.9,33.4
2026-03-26,P12,97,3,0,0,66.0,24.1,27.4
2026-03-27,P12,97,4,0,0,60.1,22.6,29.3
2026-03-28,P12,97,5,1,0,80.2,22.9,35.0
2026-03-29,P12,97,6,1,0,82.4,21.5,26.4
2026-03-30,P12,97,0,0,0,57.4,21.4,30.5
2026-03-31,P12,97,1,0,0,63.0,22.0,30.5
2026-04-01,P12,97,2,0,0,66.2,24.0,29.1
2026-04-02,P12,97,3,0,0,64.0,20.9,24.8
2026-04-03,P12,97,4,0,0,61.0,21.8,27.2
2026-04-04,P12,97,5,1,0,79.5,22.4,26.1
2026-04-05,P12,97,6,1,0,79.8,23.9,28.0
2026-04-06,P12,97,0,0,0,67.3,23.9,30.1
2026-04-07,P12,97,1,0,0,62.7,24.1,30.7
2026-04-08,P12,97,2,0,0,56.7,25.3,28.0
2026-04-09,P12,97,3,0,0,66.6,19.0,28.1
2026-04-10,P12,97,4,0,0,57.6,23.0,29.6
2026-04-11,P12,97,5,1,0,81.7,23.4,26.2
2026-04-12,P12,97,6,1,0,85.2,20.8,28.4
2026-04-13,P12,97,0,0,0,61.1,22.2,25.9
2026-04-14,P12,97,1,0,0,68.3,24.7,29.3
2026-04-15,P12,97,2,0,0,63.6,21.5,28.9
2026-04-16,P12,97,3,0,0,60.6,23.5,30.1
2026-04-17,P12,97,4,0,0,63.2,24.1,30.5
2026-04-18,P12,97,5,1,0,83.3,27.0,25.8
2026-04-19,P12,97,6,1,0,75.4,21.1,28.7
2026-04-20,P12,97,0,0,0,58.0,22.3,31.1
2026-04-21,P12,97,1,0,0,66.9,26.4,31.1
2026-04-22,P12,97,2,0,0,68.0,22.3,28.3
2026-04-23,P12,97,3,0,0,67.5,24.9,24.7
2026-04-24,P12,97,4,0,0,58.8,21.5,27.1
2026-04-25,P12,97,5,1,0,85.2,26.7,29.9
2026-04-26,P12,97,6,1,0,81.5,26.9,30.2
2026-04-27,P12,97,0,0,0,66.3,24.0,30.0
2026-04-28,P12,97,1,0,0,69.3,24.7,29.3
2026-04-29,P12,97,2,0,0,62.6,23.8,25.3
2026-04-30,P12,97,3,0,0,65.9,23.6,29.9
2026-05-01,P12,97,4,0,0,59.7,24.2,29.6
2026-05-02,P12,97,5,1,0,80.1,24.0,27.2
2026-05-03,P12,97,6,1,0,74.6,24.2,24.0
2026-05-04,P12,97,0,0,0,66.4,27.2,30.0
2026-05-05,P12,97,1,0,0,67.4,26.4,31.6
2026-05-06,P12,97,2,0,0,72.9,21.7,28.4
2026-05-07,P12,97,3,0,0,66.0,20.3,29.1
2026-05-08,P12,97,4,0,0,64.4,25.7,31.6
2026-05-09,P12,97,5,1,0,83.1,24.6,29.3
2026-05-10,P12,97,6,1,0,81.3,24.7,31.5
2026-05-11,P12,97,0,0,0,61.4,24.2,29.0
2026-05-12,P12,97,1,0,0,65.2,25.5,28.6
2026-05-13,P12,97,2,0,0,60.6,21.6,27.8
2026-05-14,P12,97,3,0,0,66.5,23.0,27.8
2026-05-15,P12,97,4,0,0,67.1,23.6,30.8
2026-05-16,P12,97,5,1,0,88.6,26.8,30.0
2026-05-17,P12,97,6,1,0,81.5,25.4,32.1
2026-05-18,P12,97,0,0,0,62.8,21.0,31.2
2026-05-19,P12,97,1,0,0,65.0,24.5,30.4
2026-05-20,P12,97,2,0,0,61.4,22.4,31.6
2026-05-21,P12,97,3,0,0,63.5,21.9,28.5
2026-05-22,P12,97,4,0,0,65.7,22.4,33.2
2026-05-23,P12,97,5,1,0,83.3,20.5,29.7
2026-05-24,P12,97,6,1,0,86.2,29.5,28.1
2026-05-25,P12,97,0,0,0,64.2,20.8,30.4
2026-05-26,P12,97,1,0,0,66.0,23.8,26.6
2026-05-27,P12,97,2,0,0,67.1,26.7,32.3
2026-05-28,P12,97,3,0,0,65.5,23.2,31.2
2026-05-29,P12,97,4,0,0,63.6,18.6,25.1
2026-05-30,P12,97,5,1,0,85.4,25.8,28.9
2026-05-31,P12,97,6,1,0,77.1,22.8,26.2
2026-06-01,P12,97,0,0,0,63.2,26.6,27.7
2026-06-02,P12,97,1,0,0,61.1,20.8,29.6
2026-06-03,P12,97,2,0,0,60.5,24.5,28.4
2026-06-04,P12,97,3,0,0,70.6,24.4,30.3
2026-06-05,P12,97,4,0,0,58.7,23.4,29.9
2026-06-06,P12,97,5,1,0,81.5,24.0,29.4
2026-06-07,P12,97,6,1,0,75.7,18.8,26.5
2026-06-08,P12,97,0,0,0,68.0,24.8,31.8
2026-06-09,P12,97,1,0,0,65.4,23.7,29.2
2026-06-10,P12,97,2,0,0,57.6,23.7,27.6
2026-06-11,P12,97,3,0,0,61.8,21.5,29.0
2026-06-12,P12,97,4,0,0,67.7,24.8,26.9
2026-06-13,P12,97,5,1,0,81.1,23.2,24.5
2026-06-14,P12,97,6,1,0,83.8,22.1,30.5
2026-06-15,P12,97,0,0,0,61.1,24.8,32.1
2026-06-16,P12,97,1,0,0,65.1,24.3,27.6
2026-06-17,P12,97,2,0,0,62.9,21.2,31.6
2026-06-18,P12,97,3,0,0,68.7,22.4,29.2
2026-06-19,P12,97,4,0,0,61.6,20.9,27.9
2026-06-20,P12,97,5,1,0,75.6,19.7,29.8
2026-06-21,P12,97,6,1,0,76.3,23.2,23.0
2026-06-22,P12,97,0,0,0,64.5,22.0,27.7
2026-06-23,P12,97,1,0,0,67.5,23.1,29.8
2026-06-24,P12,97,2,0,0,64.3,24.2,27.3
2026-06-25,P12,97,3,0,0,64.1,22.9,30.8
2026-06-26,P12,97,4,0,0,61.9,24.7,30.4
2026-06-27,P12,97,5,1,0,77.9,24.7,28.2
2026-06-28,P12,97,6,1,0,77.7,21.8,26.6
2026-06-29,P12,97,0,0,0,65.3,23.0,28.4
2026-06-30,P12,97,1,0,0,67.4,25.0,29.4
2026-07-01,P12,97,2,0,0,56.7,24.2,24.6
2026-07-02,P12,97,3,0,0,60.7,23.0,32.7
2026-07-03,P12,97,4,0,0,54.6,20.5,27.5
2026-07-04,P12,97,5,1,0,82.8,20.3,27.3
2026-07-05,P12,97,6,1,0,84.8,25.0,27.7
2026-07-06,P12,97,0,0,0,68.0,23.5,27.0
2026-07-07,P12,97,1,0,0,61.4,22.1,26.6
2026-07-08,P12,97,2,0,0,65.9,25.2,25.8
2026-07-09,P12,97,3,0,0,66.7,21.4,29.0
2026-07-10,P12,97,4,0,0,65.3,25.2,29.1
2026-07-11,P12,97,5,1,0,81.1,26.4,32.9
2026-07-12,P12,97,6,1,0,84.2,24.7,30.3
2026-07-13,P12,97,0,0,0,70.4,24.7,27.6
2026-07-14,P12,97,1,0,0,64.5,24.1,25.9
2026-07-15,P12,97,2,0,0,61.9,26.5,26.5
2026-07-16,P12,97,3,0,0,66.1,23.9,31.4
2026-07-17,P12,97,4,0,0,61.1,21.9,29.3
2026-07-18,P12,97,5,1,0,77.7,26.2,29.6
2026-07-19,P12,97,6,1,0,83.4,21.5,30.5
2026-07-20,P12,97,0,0,0,73.7,23.2,26.5
2026-07-21,P12,97,1,0,0,68.5,22.4,26.1
2026-07-22,P12,97,2,0,0,59.8,21.1,30.4
2026-07-23,P12,97,3,0,0,60.9,21.7,28.3
2026-07-24,P12,97,4,0,0,65.8,25.0,32.0
2026-07-25,P12,97,5,1,0,78.9,25.2,27.3
2026-07-26,P12,97,6,1,0,86.7,24.5,29.8
2026-07-27,P12,97,0,0,0,58.0,25.1,28.1
2026-07-28,P12,97,1,0,0,61.8,21.8,27.7
2026-07-29,P12,97,2,0,0,66.0,24.1,29.3
2026-07-30,P12,97,3,0,0,71.3,21.0,29.8
2026-07-31,P12,97,4,0,0,59.0,24.4,30.5
2026-08-01,P12,97,5,1,0,80.7,24.3,30.5
2026-08-02,P12,97,6,1,0,82.0,20.7,31.2
2026-08-03,P12,97,0,0,0,70.9,25.4,28.5
2026-08-04,P12,97,1,0,0,71.7,23.8,31.9
2026-08-05,P12,97,2,0,0,66.8,26.0,25.4
2026-08-06,P12,97,3,0,0,61.1,24.3,28.6
2026-08-07,P12,97,4,0,0,62.7,26.1,27.8
2026-08-08,P12,97,5,1,0,81.4,24.0,28.6
2026-08-09,P12,97,6,1,0,71.3,19.8,28.5
2026-08-10,P12,97,0,0,0,72.6,22.0,29.1
2026-08-11,P12,97,1,0,0,72.1,23.4,30.3
2026-08-12,P12,97,2,0,0,65.3,21.8,27.1
2026-08-13,P12,97,3,0,0,62.2,23.3,27.4
2026-08-14,P12,97,4,0,0,62.2,23.8,31.9
2026-08-15,P12,97,5,1,0,89.2,22.0,29.8
2026-08-16,P12,97,6,1,0,76.4,22.2,25.1
2026-08-17,P12,97,0,0,0,70.8,22.5,31.4
2026-08-18,P12,97,1,0,0,60.1,18.9,33.1
2026-08-19,P12,97,2,0,0,57.9,21.4,32.0
2026-08-20,P12,97,3,0,0,64.5,23.0,32.3
2026-08-21,P12,97,4,0,0,63.0,24.8,26.3
2026-08-22,P12,97,5,1,0,85.7,22.3,29.6
2026-08-23,P12,97,6,1,0,77.4,21.8,28.5
2026-08-24,P12,97,0,0,0,67.7,22.9,29.6
2026-08-25,P12,97,1,0,0,62.3,25.8,25.7
2026-08-26,P12,97,2,0,0,57.7,26.0,24.1
2026-08-27,P12,97,3,0,0,70.8,23.3,30.2
2026-08-28,P12,97,4,0,0,65.4,22.1,30.4
2026-08-29,P12,97,5,1,0,88.0,25.6,27.5
2026-08-30,P12,97,6,1,0,84.9,21.1,28.6
2026-08-31,P12,97,0,0,0,64.7,25.6,25.9
2026-09-01,P12,97,1,0,0,68.2,22.6,25.3
2026-09-02,P12,97,2,0,0,68.0,22.5,24.5
2026-09-03,P12,97,3,0,0,67.2,20.2,28.3
2026-09-04,P12,97,4,0,0,59.8,21.8,31.7
2026-09-05,P12,97,5,1,0,82.6,20.5,28.6
2026-09-06,P12,97,6,1,0,80.4,25.9,30.2
2026-09-07,P12,97,0,0,0,59.5,20.9,30.7
2026-09-08,P12,97,1,0,0,67.1,22.2,27.7
2026-09-09,P12,97,2,0,0,66.1,23.9,23.0
2026-09-10,P12,97,3,0,0,63.1,24.9,25.7
2026-09-11,P12,97,4,0,0,67.5,21.0,29.7
2026-09-12,P12,97,5,1,0,76.9,20.3,29.7
2026-09-13,P12,97,6,1,0,79.8,26.2,31.1
2026-09-14,P12,97,0,0,0,58.0,23.9,31.4
2026-03-19,P13,92,3,0,0,64.5,25.6,32.2
2026-03-20,P13,92,4,0,0,58.7,23.0,33.2
2026-03-21,P13,92,5,1,0,81.4,21.1,24.5
2026-03-22,P13,92,6,1,0,71.0,23.5,27.6
2026-03-23,P13,92,0,0,0,60.7,21.3,26.0
2026-03-24,P13,92,1,0,0,63.6,22.3,28.8
2026-03-25,P13,92,2,0,0,55.3,25.5,30.5
2026-03-26,P13,92,3,0,0,65.3,18.6,29.9
2026-03-27,P13,92,4,0,0,56.1,23.1,30.5
2026-03-28,P13,92,5,1,0,80.6,23.6,32.0
2026-03-29,P13,92,6,1,0,77.3,20.9,26.7
2026-03-30,P13,92,0,0,0,61.4,23.8,25.5
2026-03-31,P13,92,1,0,0,64.3,22.3,26.9
2026-04-01,P13,92,2,0,0,57.9,21.5,28.6
2026-04-02,P13,92,3,0,0,60.6,23.7,24.3
2026-04-03,P13,92,4,0,0,55.9,20.5,30.4
2026-04-04,P13,92,5,1,0,76.2,22.4,29.2
2026-04-05,P13,92,6,1,0,79.1,21.4,24.7
2026-04-06,P13,92,0,0,0,60.0,19.6,27.7
2026-04-07,P13,92,1,0,0,58.5,22.8,28.3
2026-04-08,P13,92,2,0,0,60.0,23.4,34.2
2026-04-09,P13,92,3,0,0,54.6,26.6,25.7
2026-04-10,P13,92,4,0,0,56.4,20.6,29.5
2026-04-11,P13,92,5,1,0,77.5,21.2,26.6
2026-04-12,P13,92,6,1,0,73.9,23.4,30.7
2026-04-13,P13,92,0,0,0,60.4,21.1,27.0
2026-04-14,P13,92,1,0,0,52.9,22.2,28.7
2026-04-15,P13,92,2,0,0,60.0,21.4,30.4
2026-04-16,P13,92,3,0,0,62.5,23.0,29.0
2026-04-17,P13,92,4,0,0,61.9,24.7,24.8
2026-04-18,P13,92,5,1,0,76.6,18.2,26.9
2026-04-19,P13,92,6,1,0,84.1,20.0,25.4
2026-04-20,P13,92,0,0,0,61.1,23.8,29.4
2026-04-21,P13,92,1,0,0,59.3,25.3,27.8
2026-04-22,P13,92,2,0,0,65.5,25.2,25.7
2026-04-23,P13,92,3,0,0,55.8,23.3,28.3
2026-04-24,P13,92,4,0,0,61.5,22.8,27.7
2026-04-25,P13,92,5,1,0,82.4,16.9,30.7
2026-04-26,P13,92,6,1,0,77.6,22.1,25.7
2026-04-27,P13,92,0,0,0,65.9,20.2,28.1
2026-04-28,P13,92,1,0,0,65.5,19.4,28.6
2026-04-29,P13,92,2,0,0,62.5,23.1,26.8
2026-04-30,P13,92,3,0,0,63.5,24.2,27.2
2026-05-01,P13,92,4,0,0,69.0,20.3,26.4
2026-05-02,P13,92,5,1,0,81.1,21.9,25.8
2026-05-03,P13,92,6,1,0,75.0,25.0,29.7
2026-05-04,P13,92,0,0,0,57.9,19.0,31.2
2026-05-05,P13,92,1,0,0,62.2,21.6,25.9
2026-05-06,P13,92,2,0,0,53.7,19.9,28.6
2026-05-07,P13,92,3,0,0,59.5,25.2,29.9
2026-05-08,P13,92,4,0,0,59.2,20.7,30.8
2026-05-09,P13,92,5,1,0,75.3,27.0,28.1
2026-05-10,P13,92,6,1,0,71.7,18.7,26.2
2026-05-11,P13,92,0,0,0,66.7,21.9,22.3
2026-05-12,P13,92,1,0,0,59.0,21.8,30.9
2026-05-13,P13,92,2,0,0,62.9,22.0,28.6
2026-05-14,P13,92,3,0,0,69.5,24.2,26.2
2026-05-15,P13,92,4,0,0,63.9,24.3,33.1
2026-05-16,P13,92,5,1,0,77.7,21.7,28.7
2026-05-17,P13,92,6,1,0,74.9,22.6,26.1
2026-05-18,P13,92,0,0,0,61.4,19.7,29.8
2026-05-19,P13,92,1,0,0,64.3,19.4,29.5
2026-05-20,P13,92,2,0,0,59.3,24.8,30.1
2026-05-21,P13,92,3,0,0,65.3,23.4,25.6
2026-05-22,P13,92,4,0,0,53.7,22.5,25.0
2026-05-23,P13,92,5,1,0,77.4,19.7,29.6
2026-05-24,P13,92,6,1,0,78.6,20.0,25.7
2026-05-25,P13,92,0,0,0,62.9,23.9,28.4
2026-05-26,P13,92,1,0,0,58.8,22.6,27.4
2026-05-27,P13,92,2,0,0,59.4,19.8,28.0
2026-05-28,P13,92,3,0,0,58.3,22.1,23.4
2026-05-29,P13,92,4,0,0,64.4,21.3,28.1
2026-05-30,P13,92,5,1,0,82.2,25.1,29.4
2026-05-31,P13,92,6,1,0,72.9,22.1,28.6
2026-06-01,P13,92,0,0,0,62.3,22.6,29.7
2026-06-02,P13,92,1,0,0,63.8,24.5,29.7
2026-06-03,P13,92,2,0,0,58.8,21.7,27.9
2026-06-04,P13,92,3,0,0,62.9,21.4,27.9
2026-06-05,P13,92,4,0,0,60.1,21.4,28.8
2026-06-06,P13,92,5,1,0,80.0,25.5,30.2
2026-06-07,P13,92,6,1,0,75.2,24.6,24.7
2026-06-08,P13,92,0,0,0,62.9,21.3,26.7
2026-06-09,P13,92,1,0,0,68.6,21.6,28.4
2026-06-10,P13,92,2,0,0,63.5,22.3,24.8
2026-06-11,P13,92,3,0,0,62.6,21.7,27.6
2026-06-12,P13,92,4,0,0,61.3,23.1,28.8
2026-06-13,P13,92,5,1,0,71.1,22.7,31.8
2026-06-14,P13,92,6,1,0,69.7,20.7,26.3
2026-06-15,P13,92,0,0,0,54.0,19.0,25.7
2026-06-16,P13,92,1,0,0,65.6,21.7,25.8
2026-06-17,P13,92,2,0,0,60.7,23.2,29.0
2026-06-18,P13,92,3,0,0,61.5,27.0,28.5
2026-06-19,P13,92,4,0,0,62.9,21.4,26.0
2026-06-20,P13,92,5,1,0,72.4,20.0,29.1
2026-06-21,P13,92,6,1,0,77.3,21.2,27.1
2026-06-22,P13,92,0,0,0,65.2,21.9,28.0
2026-06-23,P13,92,1,0,0,62.4,23.2,26.2
2026-06-24,P13,92,2,0,0,52.3,18.8,28.7
2026-06-25,P13,92,3,0,0,59.2,21.7,24.1
2026-06-26,P13,92,4,0,0,58.4,22.5,28.0
2026-06-27,P13,92,5,1,0,72.7,20.2,32.2
2026-06-28,P13,92,6,1,0,75.8,22.1,24.9
2026-06-29,P13,92,0,0,0,58.5,21.8,25.3
2026-06-30,P13,92,1,0,0,61.7,20.2,26.2
2026-07-01,P13,92,2,0,0,58.4,19.3,24.4
2026-07-02,P13,92,3,0,0,61.8,20.5,27.5
2026-07-03,P13,92,4,0,0,60.8,22.9,29.7
2026-07-04,P13,92,5,1,0,74.3,20.3,28.3
2026-07-05,P13,92,6,1,0,79.8,21.7,27.7
2026-07-06,P13,92,0,0,0,60.6,22.0,29.3
2026-07-07,P13,92,1,0,0,59.9,23.4,28.8
2026-07-08,P13,92,2,0,0,69.3,21.0,30.4
2026-07-09,P13,92,3,0,0,64.3,20.1,29.1
2026-07-10,P13,92,4,0,0,63.6,21.2,22.4
2026-07-11,P13,92,5,1,0,79.4,20.0,27.5
2026-07-12,P13,92,6,1,0,70.1,23.4,23.8
2026-07-13,P13,92,0,0,0,59.2,21.3,27.9
2026-07-14,P13,92,1,0,0,55.9,23.1,29.0
2026-07-15,P13,92,2,0,0,60.0,21.8,21.7
2026-07-16,P13,92,3,0,0,67.3,21.9,29.3
2026-07-17,P13,92,4,0,0,62.0,22.4,29.4
2026-07-18,P13,92,5,1,0,74.3,24.1,31.4
2026-07-19,P13,92,6,1,0,77.4,22.0,30.1
2026-07-20,P13,92,0,0,0,62.9,21.6,27.1
2026-07-21,P13,92,1,0,0,61.8,23.7,26.8
2026-07-22,P13,92,2,0,0,64.3,25.8,29.2
2026-07-23,P13,92,3,0,0,61.1,23.3,26.9
2026-07-24,P13,92,4,0,0,57.2,21.0,24.8
2026-07-25,P13,92,5,1,0,80.2,21.5,23.8
2026-07-26,P13,92,6,1,0,78.6,23.0,28.6
2026-07-27,P13,92,0,0,0,56.4,20.3,31.8
2026-07-28,P13,92,1,0,0,59.1,23.1,28.2
2026-07-29,P13,92,2,0,0,56.2,19.7,29.0
2026-07-30,P13,92,3,0,0,60.2,21.8,30.2
2026-07-31,P13,92,4,0,0,55.4,22.2,30.5
2026-08-01,P13,92,5,1,0,79.8,21.8,28.9
2026-08-02,P13,92,6,1,0,79.0,20.7,24.6
2026-08-03,P13,92,0,0,0,64.5,22.4,31.9
2026-08-04,P13,92,1,0,0,59.0,24.1,29.7
2026-08-05,P13,92,2,0,0,63.2,22.4,25.8
2026-08-06,P13,92,3,0,0,60.3,21.4,27.9
2026-08-07,P13,92,4,0,0,57.5,22.7,31.9
2026-08-08,P13,92,5,1,0,73.4,23.3,23.7
2026-08-09,P13,92,6,1,0,78.5,22.8,25.9
2026-08-10,P13,92,0,0,0,63.4,22.5,31.9
2026-08-11,P13,92,1,0,0,61.8,23.0,27.6
2026-08-12,P13,92,2,0,0,57.2,26.9,28.3
2026-08-13,P13,92,3,0,0,62.5,22.5,24.6
2026-08-14,P13,92,4,0,0,56.3,19.3,30.8
2026-08-15,P13,92,5,1,0,78.5,21.7,24.7
2026-08-16,P13,92,6,1,0,73.6,22.1,25.1
2026-08-17,P13,92,0,0,0,64.6,20.9,27.3
2026-08-18,P13,92,1,0,0,61.0,18.4,29.7
2026-08-19,P13,92,2,0,0,61.5,18.4,27.0
2026-08-20,P13,92,3,0,0,60.1,20.5,28.7
2026-08-21,P13,92,4,0,0,65.8,22.9,24.7
2026-08-22,P13,92,5,1,0,74.2,18.8,28.3
2026-08-23,P13,92,6,1,0,73.0,22.8,29.7
2026-08-24,P13,92,0,0,0,64.6,22.7,27.3
2026-08-25,P13,92,1,0,0,55.4,26.2,32.8
2026-08-26,P13,92,2,0,0,61.0,23.1,25.3
2026-08-27,P13,92,3,0,0,59.9,22.4,26.6
2026-08-28,P13,92,4,0,0,67.8,22.9,26.5
2026-08-29,P13,92,5,1,0,75.2,22.7,24.3
2026-08-30,P13,92,6,1,0,78.5,22.2,29.9
2026-08-31,P13,92,0,0,0,62.7,21.1,26.4
2026-09-01,P13,92,1,0,0,66.4,23.1,29.2
2026-09-02,P13,92,2,0,0,63.5,22.1,25.4
2026-09-03,P13,92,3,0,0,68.0,22.0,30.8
2026-09-04,P13,92,4,0,0,61.0,24.3,26.0
2026-09-05,P13,92,5,1,0,71.8,21.8,26.8
2026-09-06,P13,92,6,1,0,79.1,22.9,24.4
2026-09-07,P13,92,0,0,0,58.6,19.8,26.2
2026-09-08,P13,92,1,0,0,61.0,21.2,30.5
2026-09-09,P13,92,2,0,0,62.9,20.8,30.8
2026-09-10,P13,92,3,0,0,64.7,22.7,27.1
2026-09-11,P13,92,4,0,0,68.5,23.7,25.5
2026-09-12,P13,92,5,1,0,77.3,20.8,29.9
2026-09-13,P13,92,6,1,0,72.9,21.2,26.5
2026-09-14,P13,92,0,0,0,63.1,20.4,27.9
2026-03-19,P14,45,3,0,0,26.3,11.7,10.8
2026-03-20,P14,45,4,0,0,30.5,11.2,13.2
2026-03-21,P14,45,5,1,0,39.7,12.0,14.9
2026-03-22,P14,45,6,1,0,39.8,11.3,13.3
2026-03-23,P14,45,0,0,0,30.7,11.9,13.7
2026-03-24,P14,45,1,0,0,25.8,9.5,15.7
2026-03-25,P14,45,2,0,0,28.7,10.4,14.8
2026-03-26,P14,45,3,0,0,31.8,11.5,13.9
2026-03-27,P14,45,4,0,0,26.4,12.9,13.3
2026-03-28,P14,45,5,1,0,39.7,11.1,13.1
2026-03-29,P14,45,6,1,0,37.3,10.8,15.5
2026-03-30,P14,45,0,0,0,27.9,11.3,15.7
2026-03-31,P14,45,1,0,0,29.3,11.0,12.4
2026-04-01,P14,45,2,0,0,33.2,10.0,14.4
2026-04-02,P14,45,3,0,0,26.6,10.2,14.0
2026-04-03,P14,45,4,0,0,28.2,10.8,12.3
2026-04-04,P14,45,5,1,0,37.9,9.9,12.6
2026-04-05,P14,45,6,1,0,38.2,9.3,14.4
2026-04-06,P14,45,0,0,0,28.7,12.4,13.1
2026-04-07,P14,45,1,0,0,28.6,11.1,14.8
2026-04-08,P14,45,2,0,0,25.8,10.4,15.1
2026-04-09,P14,45,3,0,0,28.3,9.9,12.0
2026-04-10,P14,45,4,0,0,29.6,9.9,14.2
2026-04-11,P14,45,5,1,0,35.0,10.6,13.5
2026-04-12,P14,45,6,1,0,36.6,10.8,12.7
2026-04-13,P14,45,0,0,0,28.6,12.1,14.2
2026-04-14,P14,45,1,0,0,31.0,11.9,14.2
2026-04-15,P14,45,2,0,0,29.6,11.5,13.5
2026-04-16,P14,45,3,0,0,33.4,11.2,13.8
2026-04-17,P14,45,4,0,0,33.0,11.7,13.0
2026-04-18,P14,45,5,1,0,38.6,9.9,13.5
2026-04-19,P14,45,6,1,0,38.1,11.1,13.5
2026-04-20,P14,45,0,0,0,28.5,11.3,14.3
2026-04-21,P14,45,1,0,0,29.0,11.0,14.3
2026-04-22,P14,45,2,0,0,31.1,11.3,14.2
2026-04-23,P14,45,3,0,0,31.3,11.6,14.2
2026-04-24,P14,45,4,0,0,29.3,11.3,13.0
2026-04-25,P14,45,5,1,0,36.7,11.3,13.8
2026-04-26,P14,45,6,1,0,36.5,11.5,12.9
2026-04-27,P14,45,0,0,0,31.0,9.8,15.2
2026-04-28,P14,45,1,0,0,31.1,11.4,13.7
2026-04-29,P14,45,2,0,0,27.8,9.5,13.8
2026-04-30,P14,45,3,0,0,29.5,11.3,14.9
2026-05-01,P14,45,4,0,0,30.9,10.1,14.4
2026-05-02,P14,45,5,1,0,36.6,11.3,14.4
2026-05-03,P14,45,6,1,0,36.8,12.3,13.4
2026-05-04,P14,45,0,0,0,30.2,12.1,13.9
2026-05-05,P14,45,1,0,0,28.7,10.7,14.0
2026-05-06,P14,45,2,0,0,29.4,10.5,14.8
2026-05-07,P14,45,3,0,0,29.8,12.5,13.5
2026-05-08,P14,45,4,0,0,28.3,10.8,14.7
2026-05-09,P14,45,5,1,0,36.7,12.0,13.7
2026-05-10,P14,45,6,1,0,38.5,10.3,13.8
2026-05-11,P14,45,0,0,0,30.2,11.9,13.2
2026-05-12,P14,45,1,0,0,27.4,10.0,13.0
2026-05-13,P14,45,2,0,0,31.3,10.2,12.6
2026-05-14,P14,45,3,0,0,29.6,11.0,13.6
2026-05-15,P14,45,4,0,0,27.9,10.7,14.8
2026-05-16,P14,45,5,1,0,38.5,11.3,12.9
2026-05-17,P14,45,6,1,0,37.2,9.9,14.4
2026-05-18,P14,45,0,0,0,31.7,10.8,13.3
2026-05-19,P14,45,1,0,0,28.7,10.9,15.6
2026-05-20,P14,45,2,0,0,28.9,11.2,14.7
2026-05-21,P14,45,3,0,0,30.0,9.8,14.1
2026-05-22,P14,45,4,0,0,33.0,11.1,13.7
2026-05-23,P14,45,5,1,0,37.7,9.1,14.1
2026-05-24,P14,45,6,1,0,36.9,10.2,15.1
2026-05-25,P14,45,0,0,0,28.5,11.1,12.4
2026-05-26,P14,45,1,0,0,30.8,9.7,14.0
2026-05-27,P14,45,2,0,0,30.4,11.6,12.3
2026-05-28,P14,45,3,0,0,29.4,10.3,14.5
2026-05-29,P14,45,4,0,0,27.1,10.6,14.3
2026-05-30,P14,45,5,1,0,38.1,9.6,14.9
2026-05-31,P14,45,6,1,0,37.9,11.9,13.3
2026-06-01,P14,45,0,0,0,30.3,11.2,13.2
2026-06-02,P14,45,1,0,0,34.2,10.7,14.1
2026-06-03,P14,45,2,0,0,29.0,10.5,13.6
2026-06-04,P14,45,3,0,0,28.9,10.1,13.8
2026-06-05,P14,45,4,0,0,29.4,12.8,13.5
2026-06-06,P14,45,5,1,0,36.5,11.5,15.6
2026-06-07,P14,45,6,1,0,34.8,12.1,12.6
2026-06-08,P14,45,0,0,0,29.3,9.8,13.2
2026-06-09,P14,45,1,0,0,27.7,10.4,13.4
2026-06-10,P14,45,2,0,0,29.9,11.2,14.0
2026-06-11,P14,45,3,0,0,30.1,12.1,13.9
2026-06-12,P14,45,4,0,0,32.4,11.1,13.0
2026-06-13,P14,45,5,1,0,35.3,8.5,13.2
2026-06-14,P14,45,6,1,0,35.7,11.0,15.1
2026-06-15,P14,45,0,0,0,26.1,11.6,12.1
2026-06-16,P14,45,1,0,0,26.8,12.9,14.6
2026-06-17,P14,45,2,0,0,24.8,12.2,13.5
2026-06-18,P14,45,3,0,0,32.9,10.2,13.9
2026-06-19,P14,45,4,0,0,30.4,9.2,13.9
2026-06-20,P14,45,5,1,0,39.2,10.1,14.3
2026-06-21,P14,45,6,1,0,38.9,11.0,15.0
2026-06-22,P14,45,0,0,0,31.4,12.4,14.0
2026-06-23,P14,45,1,0,0,32.1,10.9,14.5
2026-06-24,P14,45,2,0,0,30.8,11.4,14.5
2026-06-25,P14,45,3,0,0,29.6,10.7,11.7
2026-06-26,P14,45,4,0,0,30.6,10.0,12.9
2026-06-27,P14,45,5,1,0,37.0,11.6,14.4
2026-06-28,P14,45,6,1,0,38.6,10.8,14.0
2026-06-29,P14,45,0,0,0,28.6,12.3,15.5
2026-06-30,P14,45,1,0,0,29.1,9.9,12.5
2026-07-01,P14,45,2,0,0,28.5,10.2,14.1
2026-07-02,P14,45,3,0,0,30.5,11.7,13.9
2026-07-03,P14,45,4,0,0,30.6,10.7,15.4
2026-07-04,P14,45,5,1,0,40.7,10.3,14.1
2026-07-05,P14,45,6,1,0,37.3,10.7,13.1
2026-07-06,P14,45,0,0,0,28.1,10.7,14.8
2026-07-07,P14,45,1,0,0,32.7,11.8,13.9
2026-07-08,P14,45,2,0,0,32.6,10.9,13.6
2026-07-09,P14,45,3,0,0,27.8,12.0,14.8
2026-07-10,P14,45,4,0,0,28.5,9.9,15.9
2026-07-11,P14,45,5,1,0,38.2,10.0,13.4
2026-07-12,P14,45,6,1,0,38.8,11.9,14.6
2026-07-13,P14,45,0,0,0,33.1,11.6,14.2
2026-07-14,P14,45,1,0,0,32.4,10.5,13.1
2026-07-15,P14,45,2,0,0,27.6,11.7,13.0
2026-07-16,P14,45,3,0,0,30.7,11.1,13.4
2026-07-17,P14,45,4,0,0,29.5,11.9,15.5
2026-07-18,P14,45,5,1,0,37.0,10.3,15.8
2026-07-19,P14,45,6,1,0,37.9,10.5,13.4
2026-07-20,P14,45,0,0,0,31.7,10.9,13.8
2026-07-21,P14,45,1,0,0,27.9,10.3,14.9
2026-07-22,P14,45,2,0,0,31.0,11.9,11.9
2026-07-23,P14,45,3,0,0,29.1,11.3,14.5
2026-07-24,P14,45,4,0,0,34.0,11.2,12.7
2026-07-25,P14,45,5,1,0,36.4,9.8,15.2
2026-07-26,P14,45,6,1,0,37.5,10.4,15.0
2026-07-27,P14,45,0,0,0,32.6,10.7,13.2
2026-07-28,P14,45,1,0,0,30.7,9.5,14.3
2026-07-29,P14,45,2,0,0,31.4,11.1,14.5
2026-07-30,P14,45,3,0,0,30.2,11.1,15.2
2026-07-31,P14,45,4,0,0,30.4,12.4,14.7
2026-08-01,P14,45,5,1,0,37.3,10.9,13.0
2026-08-02,P14,45,6,1,0,39.9,13.4,13.4
2026-08-03,P14,45,0,0,0,30.7,11.4,13.8
2026-08-04,P14,45,1,0,0,29.9,11.5,12.1
2026-08-05,P14,45,2,0,0,28.6,11.2,13.8
2026-08-06,P14,45,3,0,0,30.6,11.5,15.0
2026-08-07,P14,45,4,0,0,28.3,10.4,14.9
2026-08-08,P14,45,5,1,0,37.9,11.1,15.1
2026-08-09,P14,45,6,1,0,34.4,12.3,13.9
2026-08-10,P14,45,0,0,0,27.9,12.0,15.7
2026-08-11,P14,45,1,0,0,32.9,10.8,14.5
2026-08-12,P14,45,2,0,0,31.2,9.8,16.5
2026-08-13,P14,45,3,0,0,28.4,12.8,13.7
2026-08-14,P14,45,4,0,0,30.7,10.8,15.3
2026-08-15,P14,45,5,1,0,41.0,11.1,13.0
2026-08-16,P14,45,6,1,0,36.5,11.6,11.3
2026-08-17,P14,45,0,0,0,27.3,11.0,14.1
2026-08-18,P14,45,1,0,0,29.3,10.6,11.8
2026-08-19,P14,45,2,0,0,29.5,10.8,14.0
2026-08-20,P14,45,3,0,0,31.2,9.3,15.4
2026-08-21,P14,45,4,0,0,26.4,11.4,13.2
2026-08-22,P14,45,5,1,0,39.5,11.5,13.5
2026-08-23,P14,45,6,1,0,37.2,9.5,13.6
2026-08-24,P14,45,0,0,0,28.9,10.2,12.5
2026-08-25,P14,45,1,0,0,30.2,10.6,14.7
2026-08-26,P14,45,2,0,0,29.2,9.7,12.9
2026-08-27,P14,45,3,0,0,30.2,9.4,15.2
2026-08-28,P14,45,4,0,0,29.8,10.9,13.9
2026-08-29,P14,45,5,1,0,38.9,11.6,12.9
2026-08-30,P14,45,6,1,0,36.4,12.7,11.4
2026-08-31,P14,45,0,0,0,28.4,10.2,14.7
2026-09-01,P14,45,1,0,0,30.7,11.3,12.8
2026-09-02,P14,45,2,0,0,30.8,10.1,13.1
2026-09-03,P14,45,3,0,0,28.8,10.3,12.6
2026-09-04,P14,45,4,0,0,30.6,11.2,12.8
2026-09-05,P14,45,5,1,0,36.9,11.4,13.9
2026-09-06,P14,45,6,1,0,40.3,10.7,14.1
2026-09-07,P14,45,0,0,0,31.4,10.1,12.5
2026-09-08,P14,45,1,0,0,27.7,11.3,13.5
2026-09-09,P14,45,2,0,0,30.7,11.1,13.9
2026-09-10,P14,45,3,0,0,31.3,10.6,14.5
2026-09-11,P14,45,4,0,0,31.3,9.8,13.5
2026-09-12,P14,45,5,1,0,40.5,14.1,13.7
2026-09-13,P14,45,6,1,0,37.8,9.5,13.8
2026-09-14,P14,45,0,0,0,30.1,10.5,15.7
2026-03-19,P15,116,3,0,0,77.6,25.6,31.8
2026-03-20,P15,116,4,0,0,80.0,26.4,32.2
2026-03-21,P15,116,5,1,0,88.0,27.6,36.5
2026-03-22,P15,116,6,1,0,99.5,28.4,39.4
2026-03-23,P15,116,0,0,0,71.1,28.3,35.9
2026-03-24,P15,116,1,0,0,69.1,27.4,31.8
2026-03-25,P15,116,2,0,0,77.7,26.0,36.6
2026-03-26,P15,116,3,0,0,83.9,27.4,33.0
2026-03-27,P15,116,4,0,0,71.0,28.7,32.2
2026-03-28,P15,116,5,1,0,100.0,31.6,39.6
2026-03-29,P15,116,6,1,0,104.1,28.1,36.1
2026-03-30,P15,116,0,0,0,73.0,24.9,36.9
2026-03-31,P15,116,1,0,0,70.1,30.1,32.4
2026-04-01,P15,116,2,0,0,75.7,31.7,35.5
2026-04-02,P15,116,3,0,0,79.0,27.3,37.2
2026-04-03,P15,116,4,0,0,75.4,25.8,32.1
2026-04-04,P15,116,5,1,0,88.6,25.1,36.7
2026-04-05,P15,116,6,1,0,95.4,25.7,37.0
2026-04-06,P15,116,0,0,0,77.4,28.8,32.1
2026-04-07,P15,116,1,0,0,74.5,28.6,34.1
2026-04-08,P15,116,2,0,0,81.2,29.6,39.0
2026-04-09,P15,116,3,0,0,78.0,26.4,35.0
2026-04-10,P15,116,4,0,0,87.3,30.3,34.4
2026-04-11,P15,116,5,1,0,99.0,27.4,33.9
2026-04-12,P15,116,6,1,0,101.0,28.8,37.4
2026-04-13,P15,116,0,0,0,84.6,26.8,35.7
2026-04-14,P15,116,1,0,0,81.0,29.6,33.8
2026-04-15,P15,116,2,0,0,76.9,32.1,33.3
2026-04-16,P15,116,3,0,0,78.8,29.0,30.8
2026-04-17,P15,116,4,0,0,79.6,24.9,35.4
2026-04-18,P15,116,5,1,0,101.4,26.8,30.6
2026-04-19,P15,116,6,1,0,95.7,27.8,35.2
2026-04-20,P15,116,0,0,0,77.7,28.5,30.7
2026-04-21,P15,116,1,0,0,81.6,23.0,33.8
2026-04-22,P15,116,2,0,0,80.3,26.2,30.8
2026-04-23,P15,116,3,0,0,73.2,26.8,40.4
2026-04-24,P15,116,4,0,0,69.7,28.8,34.3
2026-04-25,P15,116,5,1,0,92.0,24.8,31.5
2026-04-26,P15,116,6,1,0,97.3,29.4,38.5
2026-04-27,P15,116,0,0,0,72.2,23.1,36.4
2026-04-28,P15,116,1,0,0,79.0,30.5,29.5
2026-04-29,P15,116,2,0,0,83.5,28.2,40.4
2026-04-30,P15,116,3,0,0,75.7,31.0,33.2
2026-05-01,P15,116,4,0,0,86.5,26.7,30.6
2026-05-02,P15,116,5,1,0,96.9,30.4,38.4
2026-05-03,P15,116,6,1,0,95.5,28.7,34.8
2026-05-04,P15,116,0,0,0,82.8,30.2,33.4
2026-05-05,P15,116,1,0,0,81.1,27.8,38.1
2026-05-06,P15,116,2,0,0,74.9,28.1,33.2
2026-05-07,P15,116,3,0,0,69.4,25.2,38.0
2026-05-08,P15,116,4,0,0,79.5,26.1,36.2
2026-05-09,P15,116,5,1,0,95.9,29.6,33.6
2026-05-10,P15,116,6,1,0,95.7,25.3,38.0
2026-05-11,P15,116,0,0,0,79.0,28.1,41.6
2026-05-12,P15,116,1,0,0,82.0,31.0,35.8
2026-05-13,P15,116,2,0,0,74.3,28.9,35.0
2026-05-14,P15,116,3,0,0,75.1,30.5,34.0
2026-05-15,P15,116,4,0,0,77.8,28.1,30.6
2026-05-16,P15,116,5,1,0,98.2,29.6,35.0
2026-05-17,P15,116,6,1,0,97.0,27.2,33.1
2026-05-18,P15,116,0,0,0,73.7,23.9,36.3
2026-05-19,P15,116,1,0,0,70.5,26.9,29.0
2026-05-20,P15,116,2,0,0,73.6,29.1,35.1
2026-05-21,P15,116,3,0,0,76.8,28.4,30.1
2026-05-22,P15,116,4,0,0,80.6,26.9,34.9
2026-05-23,P15,116,5,1,0,97.8,21.9,38.8
2026-05-24,P15,116,6,1,0,94.2,29.1,33.9
2026-05-25,P15,116,0,0,0,73.8,30.8,31.5
2026-05-26,P15,116,1,0,0,78.0,26.7,36.3
2026-05-27,P15,116,2,0,0,80.7,29.4,36.4
2026-05-28,P15,116,3,0,0,73.9,27.3,35.8
2026-05-29,P15,116,4,0,0,82.2,28.9,34.3
2026-05-30,P15,116,5,1,0,96.7,29.9,36.1
2026-05-31,P15,116,6,1,0,99.9,27.0,37.4
2026-06-01,P15,116,0,0,0,75.0,28.1,36.4
2026-06-02,P15,116,1,0,0,70.5,27.3,35.6
2026-06-03,P15,116,2,0,0,77.4,29.7,28.4
2026-06-04,P15,116,3,0,0,69.0,30.1,36.9
2026-06-05,P15,116,4,0,0,85.6,27.6,38.2
2026-06-06,P15,116,5,1,0,106.0,22.8,30.2
2026-06-07,P15,116,6,1,0,93.5,24.7,39.0
2026-06-08,P15,116,0,0,0,75.4,26.3,38.3
2026-06-09,P15,116,1,0,0,79.6,26.6,36.7
2026-06-10,P15,116,2,0,0,72.4,26.3,38.1
2026-06-11,P15,116,3,0,0,72.7,26.7,33.5
2026-06-12,P15,116,4,0,0,74.0,22.2,30.5
2026-06-13,P15,116,5,1,0,96.5,30.9,36.7
2026-06-14,P15,116,6,1,0,93.4,27.6,30.2
2026-06-15,P15,116,0,0,0,75.4,27.3,33.2
2026-06-16,P15,116,1,0,0,79.3,28.7,36.4
2026-06-17,P15,116,2,0,0,86.7,29.1,29.3
2026-06-18,P15,116,3,0,0,70.2,27.7,32.3
2026-06-19,P15,116,4,0,0,75.5,31.0,35.0
2026-06-20,P15,116,5,1,0,90.2,31.0,34.3
2026-06-21,P15,116,6,1,0,95.5,28.3,36.3
2026-06-22,P15,116,0,0,0,73.2,28.0,38.3
2026-06-23,P15,116,1,0,0,82.3,26.0,34.9
2026-06-24,P15,116,2,0,0,83.6,27.3,31.1
2026-06-25,P15,116,3,0,0,73.6,29.2,34.5
2026-06-26,P15,116,4,0,0,76.8,28.4,34.1
2026-06-27,P15,116,5,1,0,98.1,30.8,36.0
2026-06-28,P15,116,6,1,0,98.2,30.4,36.9
2026-06-29,P15,116,0,0,0,81.8,23.4,34.9
2026-06-30,P15,116,1,0,0,78.5,27.6,32.4
2026-07-01,P15,116,2,0,0,76.0,26.2,35.8
2026-07-02,P15,116,3,0,0,79.7,27.3,37.8
2026-07-03,P15,116,4,0,0,74.2,26.5,35.0
2026-07-04,P15,116,5,1,0,93.9,30.1,34.3
2026-07-05,P15,116,6,1,0,98.2,30.0,30.3
2026-07-06,P15,116,0,0,0,76.4,28.1,29.7
2026-07-07,P15,116,1,0,0,76.9,27.4,30.8
2026-07-08,P15,116,2,0,0,82.7,28.1,28.5
2026-07-09,P15,116,3,0,0,74.4,27.1,34.5
2026-07-10,P15,116,4,0,0,73.1,25.5,35.5
2026-07-11,P15,116,5,1,0,91.3,30.0,36.2
2026-07-12,P15,116,6,1,0,96.9,26.6,35.1
2026-07-13,P15,116,0,0,0,76.9,28.2,30.3
2026-07-14,P15,116,1,0,0,76.6,22.8,35.2
2026-07-15,P15,116,2,0,0,88.0,25.7,32.6
2026-07-16,P15,116,3,0,0,80.4,26.0,31.9
2026-07-17,P15,116,4,0,0,75.5,28.2,37.2
2026-07-18,P15,116,5,1,0,93.6,26.5,34.1
2026-07-19,P15,116,6,1,0,92.5,28.5,38.6
2026-07-20,P15,116,0,0,0,72.8,25.3,34.6
2026-07-21,P15,116,1,0,0,73.9,24.7,31.1
2026-07-22,P15,116,2,0,0,68.1,27.7,32.8
2026-07-23,P15,116,3,0,0,84.8,28.7,32.0
2026-07-24,P15,116,4,0,0,71.6,26.8,31.0
2026-07-25,P15,116,5,1,0,95.4,30.3,33.9
2026-07-26,P15,116,6,1,0,92.6,23.5,30.7
2026-07-27,P15,116,0,0,0,77.0,27.6,35.4
2026-07-28,P15,116,1,0,0,70.1,29.8,33.4
2026-07-29,P15,116,2,0,0,68.1,25.4,33.0
2026-07-30,P15,116,3,0,0,76.3,24.1,37.3
2026-07-31,P15,116,4,0,0,76.5,29.8,38.8
2026-08-01,P15,116,5,1,0,94.4,26.4,36.4
2026-08-02,P15,116,6,1,0,87.8,30.3,34.7
2026-08-03,P15,116,0,0,0,74.7,25.3,31.2
2026-08-04,P15,116,1,0,0,75.2,28.9,34.8
2026-08-05,P15,116,2,0,0,66.0,26.3,36.3
2026-08-06,P15,116,3,0,0,85.1,27.5,35.9
2026-08-07,P15,116,4,0,0,76.6,27.0,31.6
2026-08-08,P15,116,5,1,0,91.6,24.9,36.1
2026-08-09,P15,116,6,1,0,99.7,27.4,33.1
2026-08-10,P15,116,0,0,0,81.3,32.8,30.0
2026-08-11,P15,116,1,0,0,79.2,28.2,35.7
2026-08-12,P15,116,2,0,0,79.8,31.3,34.5
2026-08-13,P15,116,3,0,0,86.5,25.2,36.9
2026-08-14,P15,116,4,0,0,70.0,24.7,36.0
2026-08-15,P15,116,5,1,0,99.1,26.6,36.4
2026-08-16,P15,116,6,1,0,92.4,30.3,30.7
2026-08-17,P15,116,0,0,0,77.6,28.5,35.4
2026-08-18,P15,116,1,0,0,76.6,27.6,27.7
2026-08-19,P15,116,2,0,0,69.9,30.1,36.8
2026-08-20,P15,116,3,0,0,82.9,28.0,39.5
2026-08-21,P15,116,4,0,0,76.0,30.2,33.5
2026-08-22,P15,116,5,1,0,93.2,29.9,30.8
2026-08-23,P15,116,6,1,0,102.8,32.0,34.8
2026-08-24,P15,116,0,0,0,83.0,26.7,34.1
2026-08-25,P15,116,1,0,0,77.7,26.6,36.8
2026-08-26,P15,116,2,0,0,80.7,29.3,33.4
2026-08-27,P15,116,3,0,0,69.6,28.8,33.8
2026-08-28,P15,116,4,0,0,69.2,25.2,34.0
2026-08-29,P15,116,5,1,0,102.8,28.7,32.4
2026-08-30,P15,116,6,1,0,90.8,25.6,32.0
2026-08-31,P15,116,0,0,0,77.4,30.3,42.4
2026-09-01,P15,116,1,0,0,84.7,26.8,37.4
2026-09-02,P15,116,2,0,0,77.1,31.7,36.3
2026-09-03,P15,116,3,0,0,74.3,30.0,32.6
2026-09-04,P15,116,4,0,0,73.7,27.2,34.1
2026-09-05,P15,116,5,1,0,86.2,30.1,42.3
2026-09-06,P15,116,6,1,0,90.1,30.9,30.1
2026-09-07,P15,116,0,0,0,76.2,26.0,35.3
2026-09-08,P15,116,1,0,0,79.0,25.0,34.4
2026-09-09,P15,116,2,0,0,80.0,25.8,38.3
2026-09-10,P15,116,3,0,0,82.5,26.8,38.8
2026-09-11,P15,116,4,0,0,67.7,26.5,36.3
2026-09-12,P15,116,5,1,0,100.1,30.3,37.6
2026-09-13,P15,116,6,1,0,95.9,29.4,34.9
2026-09-14,P15,116,0,0,0,69.9,29.9,36.4
2026-03-19,P16,113,3,0,0,74.1,25.9,39.2
2026-03-20,P16,113,4,0,0,70.5,27.3,32.0
2026-03-21,P16,113,5,1,0,93.1,29.6,35.1
2026-03-22,P16,113,6,1,0,92.0,28.9,36.5
2026-03-23,P16,113,0,0,0,74.4,26.2,32.0
2026-03-24,P16,113,1,0,0,66.2,30.5,32.0
2026-03-25,P16,113,2,0,0,69.5,25.3,30.9
2026-03-26,P16,113,3,0,0,79.6,27.0,31.3
2026-03-27,P16,113,4,0,0,71.1,25.0,37.0
2026-03-28,P16,113,5,1,0,86.9,27.3,35.3
2026-03-29,P16,113,6,1,0,95.0,27.6,33.6
2026-03-30,P16,113,0,0,0,64.1,27.1,32.6
2026-03-31,P16,113,1,0,0,68.8,30.3,37.4
2026-04-01,P16,113,2,0,0,73.0,27.9,34.0
2026-04-02,P16,113,3,0,0,66.2,26.2,36.3
2026-04-03,P16,113,4,0,0,74.2,25.0,37.0
2026-04-04,P16,113,5,1,0,94.9,24.6,32.4
2026-04-05,P16,113,6,1,0,91.4,25.0,36.0
2026-04-06,P16,113,0,0,0,72.2,27.5,38.8
2026-04-07,P16,113,1,0,0,71.7,24.8,33.9
2026-04-08,P16,113,2,0,0,72.6,26.4,31.5
2026-04-09,P16,113,3,0,0,67.7,26.3,30.4
2026-04-10,P16,113,4,0,0,69.7,33.3,40.5
2026-04-11,P16,113,5,1,0,104.0,26.5,31.0
2026-04-12,P16,113,6,1,0,95.8,24.9,33.2
2026-04-13,P16,113,0,0,0,70.5,29.1,33.7
2026-04-14,P16,113,1,0,0,76.1,25.8,33.4
2026-04-15,P16,113,2,0,0,66.5,26.9,33.1
2026-04-16,P16,113,3,0,0,76.5,26.1,31.2
2026-04-17,P16,113,4,0,0,75.0,30.3,33.6
2026-04-18,P16,113,5,1,0,101.3,21.7,31.6
2026-04-19,P16,113,6,1,0,92.1,24.3,26.5
2026-04-20,P16,113,0,0,0,74.9,25.0,31.8
2026-04-21,P16,113,1,0,0,74.0,26.7,32.3
2026-04-22,P16,113,2,0,0,77.4,25.4,37.0
2026-04-23,P16,113,3,0,0,80.2,23.7,31.6
2026-04-24,P16,113,4,0,0,78.8,24.4,32.4
2026-04-25,P16,113,5,1,0,94.0,29.3,37.1
2026-04-26,P16,113,6,1,0,92.7,28.3,34.8
2026-04-27,P16,113,0,0,0,82.0,27.1,33.6
2026-04-28,P16,113,1,0,0,73.8,24.3,30.4
2026-04-29,P16,113,2,0,0,62.6,30.3,39.3
2026-04-30,P16,113,3,0,0,67.0,29.0,35.0
2026-05-01,P16,113,4,0,0,73.8,28.5,33.7
2026-05-02,P16,113,5,1,0,105.2,29.1,31.8
2026-05-03,P16,113,6,1,0,88.5,30.1,33.2
2026-05-04,P16,113,0,0,0,73.7,27.5,34.1
2026-05-05,P16,113,1,0,0,79.9,25.1,27.7
2026-05-06,P16,113,2,0,0,72.2,25.4,32.2
2026-05-07,P16,113,3,0,0,67.2,25.1,30.0
2026-05-08,P16,113,4,0,0,79.0,24.8,33.3
2026-05-09,P16,113,5,1,0,99.8,26.4,35.0
2026-05-10,P16,113,6,1,0,97.8,28.4,32.4
2026-05-11,P16,113,0,0,0,70.0,30.0,34.5
2026-05-12,P16,113,1,0,0,71.5,26.4,33.8
2026-05-13,P16,113,2,0,0,66.7,28.2,36.8
2026-05-14,P16,113,3,0,0,71.7,25.3,32.8
2026-05-15,P16,113,4,0,0,73.8,31.5,36.3
2026-05-16,P16,113,5,1,0,94.1,25.8,34.2
2026-05-17,P16,113,6,1,0,92.5,24.6,32.8
2026-05-18,P16,113,0,0,0,76.6,24.8,30.4
2026-05-19,P16,113,1,0,0,74.0,26.3,29.3
2026-05-20,P16,113,2,0,0,80.0,29.7,39.6
2026-05-21,P16,113,3,0,0,72.6,28.4,37.3
2026-05-22,P16,113,4,0,0,77.1,29.7,34.4
2026-05-23,P16,113,5,1,0,91.2,28.2,35.3
2026-05-24,P16,113,6,1,0,96.4,29.5,34.4
2026-05-25,P16,113,0,0,0,73.7,29.7,33.5
2026-05-26,P16,113,1,0,0,71.0,29.2,28.1
2026-05-27,P16,113,2,0,0,79.7,29.0,33.9
2026-05-28,P16,113,3,0,0,79.8,26.3,34.8
2026-05-29,P16,113,4,0,0,68.2,24.5,35.2
2026-05-30,P16,113,5,1,0,91.5,24.7,36.5
2026-05-31,P16,113,6,1,0,93.0,25.7,33.5
2026-06-01,P16,113,0,0,0,81.4,29.5,34.1
2026-06-02,P16,113,1,0,0,77.6,25.9,38.8
2026-06-03,P16,113,2,0,0,80.5,26.4,34.5
2026-06-04,P16,113,3,0,0,78.8,29.2,36.7
2026-06-05,P16,113,4,0,0,77.7,27.9,29.6
2026-06-06,P16,113,5,1,0,99.9,26.4,34.6
2026-06-07,P16,113,6,1,0,93.2,29.4,32.8
2026-06-08,P16,113,0,0,0,69.5,30.3,35.8
2026-06-09,P16,113,1,0,0,81.6,27.1,34.9
2026-06-10,P16,113,2,0,0,78.7,24.9,29.7
2026-06-11,P16,113,3,0,0,71.0,25.8,38.8
2026-06-12,P16,113,4,0,0,86.2,26.7,34.2
2026-06-13,P16,113,5,1,0,91.9,26.6,34.9
2026-06-14,P16,113,6,1,0,94.9,26.4,33.6
2026-06-15,P16,113,0,0,0,72.0,25.6,32.9
2026-06-16,P16,113,1,0,0,77.8,28.2,32.5
2026-06-17,P16,113,2,0,0,79.0,27.3,36.5
2026-06-18,P16,113,3,0,0,73.8,31.1,37.7
2026-06-19,P16,113,4,0,0,77.9,30.3,32.2
2026-06-20,P16,113,5,1,0,101.1,24.5,34.2
2026-06-21,P16,113,6,1,0,90.6,23.0,30.4
2026-06-22,P16,113,0,0,0,72.7,28.2,32.9
2026-06-23,P16,113,1,0,0,78.9,26.4,31.4
2026-06-24,P16,113,2,0,0,80.8,29.8,33.3
2026-06-25,P16,113,3,0,0,67.4,24.8,32.5
2026-06-26,P16,113,4,0,0,75.0,29.8,34.1
2026-06-27,P16,113,5,1,0,94.6,28.1,30.7
2026-06-28,P16,113,6,1,0,98.4,30.5,35.4
2026-06-29,P16,113,0,0,0,81.6,26.6,34.0
2026-06-30,P16,113,1,0,0,80.8,26.8,32.3
2026-07-01,P16,113,2,0,0,82.7,26.8,31.8
2026-07-02,P16,113,3,0,0,74.6,22.5,36.8
2026-07-03,P16,113,4,0,0,80.7,24.5,32.1
2026-07-04,P16,113,5,1,0,101.7,29.3,33.0
2026-07-05,P16,113,6,1,0,92.6,28.0,37.8
2026-07-06,P16,113,0,0,0,78.1,28.4,33.4
2026-07-07,P16,113,1,0,0,81.6,28.4,31.0
2026-07-08,P16,113,2,0,0,72.9,31.1,29.0
2026-07-09,P16,113,3,0,0,69.9,28.3,33.6
2026-07-10,P16,113,4,0,0,69.6,19.5,33.0
2026-07-11,P16,113,5,1,0,98.6,25.0,30.8
2026-07-12,P16,113,6,1,0,96.8,30.2,31.6
2026-07-13,P16,113,0,0,0,73.1,23.9,33.9
2026-07-14,P16,113,1,0,0,71.3,26.8,27.3
2026-07-15,P16,113,2,0,0,78.8,23.1,30.3
2026-07-16,P16,113,3,0,0,73.6,22.8,29.6
2026-07-17,P16,113,4,0,0,70.4,23.2,32.0
2026-07-18,P16,113,5,1,0,92.9,30.9,36.3
2026-07-19,P16,113,6,1,0,82.3,26.7,31.6
2026-07-20,P16,113,0,0,0,76.7,26.4,34.9
2026-07-21,P16,113,1,0,0,77.6,26.3,29.5
2026-07-22,P16,113,2,0,0,72.8,28.5,35.5
2026-07-23,P16,113,3,0,0,73.8,28.6,33.7
2026-07-24,P16,113,4,0,0,68.9,27.5,36.2
2026-07-25,P16,113,5,1,0,99.2,25.9,34.3
2026-07-26,P16,113,6,1,0,92.3,24.2,34.8
2026-07-27,P16,113,0,0,0,70.5,27.3,32.1
2026-07-28,P16,113,1,0,0,72.0,27.0,34.2
2026-07-29,P16,113,2,0,0,76.9,26.3,33.2
2026-07-30,P16,113,3,0,0,76.3,26.2,34.0
2026-07-31,P16,113,4,0,0,72.1,27.0,36.2
2026-08-01,P16,113,5,1,0,97.0,28.9,37.2
2026-08-02,P16,113,6,1,0,94.0,29.3,33.1
2026-08-03,P16,113,0,0,0,79.2,28.8,38.5
2026-08-04,P16,113,1,0,0,78.4,28.6,34.8
2026-08-05,P16,113,2,0,0,72.4,25.7,36.2
2026-08-06,P16,113,3,0,0,68.9,30.6,34.5
2026-08-07,P16,113,4,0,0,77.4,29.3,34.6
2026-08-08,P16,113,5,1,0,93.0,22.5,34.9
2026-08-09,P16,113,6,1,0,95.9,24.0,34.5
2026-08-10,P16,113,0,0,0,74.2,29.4,29.3
2026-08-11,P16,113,1,0,0,72.2,26.7,31.6
2026-08-12,P16,113,2,0,0,75.5,22.7,27.8
2026-08-13,P16,113,3,0,0,74.6,28.3,31.7
2026-08-14,P16,113,4,0,0,76.3,27.8,35.5
2026-08-15,P16,113,5,1,0,93.7,23.4,33.9
2026-08-16,P16,113,6,1,0,93.9,30.4,29.9
2026-08-17,P16,113,0,0,0,84.9,27.0,31.1
2026-08-18,P16,113,1,0,0,73.4,29.6,34.1
2026-08-19,P16,113,2,0,0,71.3,28.6,36.6
2026-08-20,P16,113,3,0,0,74.7,30.9,39.7
2026-08-21,P16,113,4,0,0,63.8,27.2,39.0
2026-08-22,P16,113,5,1,0,95.6,30.4,35.5
2026-08-23,P16,113,6,1,0,86.9,25.8,33.9
2026-08-24,P16,113,0,0,0,80.7,27.0,32.6
2026-08-25,P16,113,1,0,0,72.3,27.6,34.5
2026-08-26,P16,113,2,0,0,85.0,26.9,30.6
2026-08-27,P16,113,3,0,0,77.4,27.7,34.4
2026-08-28,P16,113,4,0,0,71.5,28.2,32.6
2026-08-29,P16,113,5,1,0,90.9,25.9,36.6
2026-08-30,P16,113,6,1,0,86.9,27.0,33.2
2026-08-31,P16,113,0,0,0,78.0,26.8,36.4
2026-09-01,P16,113,1,0,0,71.2,28.1,34.7
2026-09-02,P16,113,2,0,0,75.1,30.6,35.4
2026-09-03,P16,113,3,0,0,75.9,29.5,35.0
2026-09-04,P16,113,4,0,0,73.5,29.3,40.0
2026-09-05,P16,113,5,1,0,90.8,28.6,34.3
2026-09-06,P16,113,6,1,0,93.8,23.1,32.2
2026-09-07,P16,113,0,0,0,71.1,30.3,30.9
2026-09-08,P16,113,1,0,0,80.6,25.1,33.5
2026-09-09,P16,113,2,0,0,72.9,25.9,29.7
2026-09-10,P16,113,3,0,0,80.9,29.6,37.2
2026-09-11,P16,113,4,0,0,79.0,29.1,37.3
2026-09-12,P16,113,5,1,0,89.9,28.4,37.9
2026-09-13,P16,113,6,1,0,94.9,26.8,31.6
2026-09-14,P16,113,0,0,0,73.5,26.1,25.8
2026-03-19,P17,79,3,0,0,54.2,21.5,25.2
2026-03-20,P17,79,4,0,0,53.3,18.1,23.5
2026-03-21,P17,79,5,1,0,70.4,17.1,28.3
2026-03-22,P17,79,6,1,0,61.2,20.5,22.7
2026-03-23,P17,79,0,0,0,51.3,15.9,25.8
2026-03-24,P17,79,1,0,0,54.1,20.8,23.0
2026-03-25,P17,79,2,0,0,57.0,19.5,23.6
2026-03-26,P17,79,3,0,0,51.2,21.1,24.7
2026-03-27,P17,79,4,0,0,54.1,16.9,23.9
2026-03-28,P17,79,5,1,0,62.8,17.9,20.4
2026-03-29,P17,79,6,1,0,67.8,19.0,24.0
2026-03-30,P17,79,0,0,0,49.6,19.5,22.1
2026-03-31,P17,79,1,0,0,52.5,20.1,24.7
2026-04-01,P17,79,2,0,0,54.6,18.1,20.3
2026-04-02,P17,79,3,0,0,53.6,17.5,23.4
2026-04-03,P17,79,4,0,0,49.0,18.8,25.3
2026-04-04,P17,79,5,1,0,64.9,17.3,24.3
2026-04-05,P17,79,6,1,0,66.8,19.2,24.5
2026-04-06,P17,79,0,0,0,56.7,21.7,25.3
2026-04-07,P17,79,1,0,0,51.6,19.7,21.3
2026-04-08,P17,79,2,0,0,52.8,22.0,23.9
2026-04-09,P17,79,3,0,0,52.7,18.0,26.1
2026-04-10,P17,79,4,0,0,51.8,19.6,23.3
2026-04-11,P17,79,5,1,0,62.1,18.9,22.0
2026-04-12,P17,79,6,1,0,63.8,18.3,27.3
2026-04-13,P17,79,0,0,0,54.8,19.7,22.8
2026-04-14,P17,79,1,0,0,54.7,19.0,26.3
2026-04-15,P17,79,2,0,0,52.0,21.8,23.5
2026-04-16,P17,79,3,0,0,53.0,18.5,23.9
2026-04-17,P17,79,4,0,0,49.6,17.4,20.8
2026-04-18,P17,79,5,1,0,63.3,17.7,24.5
2026-04-19,P17,79,6,1,0,63.9,18.9,26.5
2026-04-20,P17,79,0,0,0,54.6,16.8,24.8
2026-04-21,P17,79,1,0,0,54.7,19.0,22.2
2026-04-22,P17,79,2,0,0,53.9,18.8,24.5
2026-04-23,P17,79,3,0,0,54.6,19.8,23.0
2026-04-24,P17,79,4,0,0,47.6,19.3,23.7
2026-04-25,P17,79,5,1,0,65.4,19.7,25.0
2026-04-26,P17,79,6,1,0,62.5,20.5,24.6
2026-04-27,P17,79,0,0,0,53.3,19.3,28.2
2026-04-28,P17,79,1,0,0,54.2,19.0,20.9
2026-04-29,P17,79,2,0,0,51.9,19.9,21.5
2026-04-30,P17,79,3,0,0,52.3,19.4,25.5
2026-05-01,P17,79,4,0,0,48.0,18.9,23.5
2026-05-02,P17,79,5,1,0,65.9,19.8,25.7
2026-05-03,P17,79,6,1,0,69.4,23.2,24.4
2026-05-04,P17,79,0,0,0,54.2,19.0,23.8
2026-05-05,P17,79,1,0,0,49.9,18.9,22.7
2026-05-06,P17,79,2,0,0,48.7,19.4,22.9
2026-05-07,P17,79,3,0,0,53.4,18.7,24.9
2026-05-08,P17,79,4,0,0,57.3,20.0,23.3
2026-05-09,P17,79,5,1,0,64.8,19.5,23.2
2026-05-10,P17,79,6,1,0,64.8,20.9,24.5
2026-05-11,P17,79,0,0,0,51.2,19.5,23.8
2026-05-12,P17,79,1,0,0,51.1,19.6,23.2
2026-05-13,P17,79,2,0,0,50.9,20.3,22.7
2026-05-14,P17,79,3,0,0,57.1,17.3,24.9
2026-05-15,P17,79,4,0,0,54.0,19.7,24.5
2026-05-16,P17,79,5,1,0,68.8,18.8,23.3
2026-05-17,P17,79,6,1,0,64.9,22.2,22.0
2026-05-18,P17,79,0,0,0,56.2,17.9,25.0
2026-05-19,P17,79,1,0,0,56.2,17.3,22.3
2026-05-20,P17,79,2,0,0,55.5,21.0,22.8
2026-05-21,P17,79,3,0,0,58.3,18.8,24.7
2026-05-22,P17,79,4,0,0,56.8,18.0,27.2
2026-05-23,P17,79,5,1,0,63.6,19.0,23.2
2026-05-24,P17,79,6,1,0,73.3,19.2,25.6
2026-05-25,P17,79,0,0,0,56.5,18.5,25.7
2026-05-26,P17,79,1,0,0,51.8,16.5,23.3
2026-05-27,P17,79,2,0,0,52.9,15.7,21.7
2026-05-28,P17,79,3,0,0,52.5,19.8,25.2
2026-05-29,P17,79,4,0,0,52.7,18.2,25.1
2026-05-30,P17,79,5,1,0,61.6,20.3,21.1
2026-05-31,P17,79,6,1,0,68.8,17.8,27.0
2026-06-01,P17,79,0,0,0,51.4,18.2,22.0
2026-06-02,P17,79,1,0,0,54.6,17.3,23.5
2026-06-03,P17,79,2,0,0,54.1,17.8,22.2
2026-06-04,P17,79,3,0,0,51.1,17.1,22.6
2026-06-05,P17,79,4,0,0,52.7,16.8,24.0
2026-06-06,P17,79,5,1,0,66.2,19.5,24.0
2026-06-07,P17,79,6,1,0,58.5,17.8,24.6
2026-06-08,P17,79,0,0,0,52.2,17.4,27.0
2026-06-09,P17,79,1,0,0,56.7,17.1,23.7
2026-06-10,P17,79,2,0,0,54.4,21.7,19.9
2026-06-11,P17,79,3,0,0,54.8,18.6,24.3
2026-06-12,P17,79,4,0,0,51.8,21.7,27.7
2026-06-13,P17,79,5,1,0,65.1,17.7,28.9
2026-06-14,P17,79,6,1,0,67.3,17.5,26.1
2026-06-15,P17,79,0,0,0,52.1,18.7,26.0
2026-06-16,P17,79,1,0,0,47.3,20.6,24.3
2026-06-17,P17,79,2,0,0,53.9,19.5,20.8
2026-06-18,P17,79,3,0,0,50.3,19.8,25.0
2026-06-19,P17,79,4,0,0,52.5,16.6,23.5
2026-06-20,P17,79,5,1,0,63.4,18.0,24.9
2026-06-21,P17,79,6,1,0,66.9,16.9,23.7
2026-06-22,P17,79,0,0,0,54.5,19.5,23.6
2026-06-23,P17,79,1,0,0,52.8,17.4,27.6
2026-06-24,P17,79,2,0,0,53.2,17.8,20.4
2026-06-25,P17,79,3,0,0,47.1,18.2,26.0
2026-06-26,P17,79,4,0,0,50.9,18.8,22.0
2026-06-27,P17,79,5,1,0,70.6,22.6,18.7
2026-06-28,P17,79,6,1,0,64.8,19.9,24.9
2026-06-29,P17,79,0,0,0,51.1,18.4,25.3
2026-06-30,P17,79,1,0,0,57.5,16.4,22.6
2026-07-01,P17,79,2,0,0,54.2,17.6,22.9
2026-07-02,P17,79,3,0,0,56.9,19.6,23.0
2026-07-03,P17,79,4,0,0,54.2,17.1,24.3
2026-07-04,P17,79,5,1,0,67.4,21.0,25.2
2026-07-05,P17,79,6,1,0,66.4,18.9,23.5
2026-07-06,P17,79,0,0,0,56.6,21.1,25.0
2026-07-07,P17,79,1,0,0,52.9,17.9,21.4
2026-07-08,P17,79,2,0,0,51.3,20.4,24.3
2026-07-09,P17,79,3,0,0,56.8,18.9,20.9
2026-07-10,P17,79,4,0,0,50.6,20.5,24.4
2026-07-11,P17,79,5,1,0,66.3,19.1,23.0
2026-07-12,P17,79,6,1,0,68.0,18.4,24.7
2026-07-13,P17,79,0,0,0,52.8,16.7,26.9
2026-07-14,P17,79,1,0,0,51.9,20.5,25.1
2026-07-15,P17,79,2,0,0,52.7,18.5,24.4
2026-07-16,P17,79,3,0,0,51.1,17.9,23.0
2026-07-17,P17,79,4,0,0,47.4,17.6,23.7
2026-07-18,P17,79,5,1,0,67.7,16.1,24.9
2026-07-19,P17,79,6,1,0,70.1,20.5,26.6
2026-07-20,P17,79,0,0,0,48.9,17.7,21.3
2026-07-21,P17,79,1,0,0,57.1,22.5,20.9
2026-07-22,P17,79,2,0,0,52.2,17.1,20.4
2026-07-23,P17,79,3,0,0,49.7,21.4,23.0
2026-07-24,P17,79,4,0,0,55.3,20.2,22.4
2026-07-25,P17,79,5,1,0,70.2,17.5,23.0
2026-07-26,P17,79,6,1,0,67.3,18.7,23.5
2026-07-27,P17,79,0,0,0,55.3,20.9,20.5
2026-07-28,P17,79,1,0,0,52.8,21.1,27.0
2026-07-29,P17,79,2,0,0,44.8,18.0,24.1
2026-07-30,P17,79,3,0,0,51.4,20.3,24.9
2026-07-31,P17,79,4,0,0,54.5,18.8,23.6
2026-08-01,P17,79,5,1,0,68.9,20.0,24.6
2026-08-02,P17,79,6,1,0,66.3,18.0,22.5
2026-08-03,P17,79,0,0,0,53.2,20.8,22.0
2026-08-04,P17,79,1,0,0,53.8,19.8,23.5
2026-08-05,P17,79,2,0,0,52.4,20.2,22.5
2026-08-06,P17,79,3,0,0,57.1,16.5,25.2
2026-08-07,P17,79,4,0,0,54.9,21.3,20.1
2026-08-08,P17,79,5,1,0,62.6,20.8,22.5
2026-08-09,P17,79,6,1,0,65.8,20.8,21.9
2026-08-10,P17,79,0,0,0,49.4,17.7,23.9
2026-08-11,P17,79,1,0,0,50.4,19.3,23.8
2026-08-12,P17,79,2,0,0,54.3,18.2,25.0
2026-08-13,P17,79,3,0,0,55.4,20.5,24.8
2026-08-14,P17,79,4,0,0,51.4,19.3,21.3
2026-08-15,P17,79,5,1,0,66.9,20.6,22.7
2026-08-16,P17,79,6,1,0,70.3,20.5,27.7
2026-08-17,P17,79,0,0,0,49.2,19.3,22.7
2026-08-18,P17,79,1,0,0,51.4,20.4,26.2
2026-08-19,P17,79,2,0,0,52.7,18.7,21.9
2026-08-20,P17,79,3,0,0,52.6,19.6,25.2
2026-08-21,P17,79,4,0,0,55.7,18.3,22.7
2026-08-22,P17,79,5,1,0,70.1,19.6,20.7
2026-08-23,P17,79,6,1,0,71.0,18.1,25.5
2026-08-24,P17,79,0,0,0,51.7,19.3,27.2
2026-08-25,P17,79,1,0,0,47.0,18.7,22.6
2026-08-26,P17,79,2,0,0,51.9,18.7,25.7
2026-08-27,P17,79,3,0,0,54.1,18.5,26.9
2026-08-28,P17,79,4,0,0,55.4,17.8,23.3
2026-08-29,P17,79,5,1,0,63.8,19.5,23.2
2026-08-30,P17,79,6,1,0,68.3,18.4,24.0
2026-08-31,P17,79,0,0,0,50.8,18.2,25.6
2026-09-01,P17,79,1,0,0,48.0,19.5,25.6
2026-09-02,P17,79,2,0,0,56.9,17.7,26.3
2026-09-03,P17,79,3,0,0,52.4,19.3,24.5
2026-09-04,P17,79,4,0,0,48.6,21.2,25.3
2026-09-05,P17,79,5,1,0,63.8,18.3,28.5
2026-09-06,P17,79,6,1,0,65.3,19.1,20.8
2026-09-07,P17,79,0,0,0,52.0,20.0,22.9
2026-09-08,P17,79,1,0,0,53.2,19.7,23.3
2026-09-09,P17,79,2,0,0,55.9,18.9,23.8
2026-09-10,P17,79,3,0,0,52.7,16.4,25.1
2026-09-11,P17,79,4,0,0,55.2,20.4,24.8
2026-09-12,P17,79,5,1,0,65.7,20.0,29.2
2026-09-13,P17,79,6,1,0,62.4,20.1,24.9
2026-09-14,P17,79,0,0,0,55.4,17.0,27.8
2026-03-19,P18,44,3,0,0,31.8,10.5,15.4
2026-03-20,P18,44,4,0,0,29.8,12.6,13.7
2026-03-21,P18,44,5,1,0,33.4,10.7,12.9
2026-03-22,P18,44,6,1,0,34.5,9.9,13.7
2026-03-23,P18,44,0,0,0,28.2,11.6,11.6
2026-03-24,P18,44,1,0,0,29.1,11.1,13.9
2026-03-25,P18,44,2,0,0,28.5,11.0,12.3
2026-03-26,P18,44,3,0,0,28.3,9.5,14.8
2026-03-27,P18,44,4,0,0,28.8,9.9,13.1
2026-03-28,P18,44,5,1,0,39.3,12.3,12.5
2026-03-29,P18,44,6,1,0,40.1,10.7,14.7
2026-03-30,P18,44,0,0,0,31.1,10.1,12.7
2026-03-31,P18,44,1,0,0,26.6,10.8,13.9
2026-04-01,P18,44,2,0,0,29.2,9.7,13.9
2026-04-02,P18,44,3,0,0,31.0,10.9,12.8
2026-04-03,P18,44,4,0,0,30.1,9.9,13.7
2026-04-04,P18,44,5,1,0,37.6,11.7,15.4
2026-04-05,P18,44,6,1,0,40.2,11.5,12.9
2026-04-06,P18,44,0,0,0,30.7,9.5,13.4
2026-04-07,P18,44,1,0,0,29.3,10.3,14.0
2026-04-08,P18,44,2,0,0,28.8,12.5,13.2
2026-04-09,P18,44,3,0,0,32.9,11.0,12.4
2026-04-10,P18,44,4,0,0,29.7,12.6,13.3
2026-04-11,P18,44,5,1,0,37.1,11.2,14.3
2026-04-12,P18,44,6,1,0,38.3,9.3,12.6
2026-04-13,P18,44,0,0,0,28.6,13.4,12.6
2026-04-14,P18,44,1,0,0,29.8,13.1,14.0
2026-04-15,P18,44,2,0,0,31.9,11.5,11.7
2026-04-16,P18,44,3,0,0,28.7,10.5,11.5
2026-04-17,P18,44,4,0,0,25.9,11.6,15.5
2026-04-18,P18,44,5,1,0,35.0,10.6,15.0
2026-04-19,P18,44,6,1,0,38.8,9.5,13.4
2026-04-20,P18,44,0,0,0,30.3,9.1,12.8
2026-04-21,P18,44,1,0,0,28.5,8.8,12.6
2026-04-22,P18,44,2,0,0,29.8,11.1,12.0
2026-04-23,P18,44,3,0,0,30.5,10.6,13.3
2026-04-24,P18,44,4,0,0,28.5,8.9,14.4
2026-04-25,P18,44,5,1,0,37.7,10.7,12.9
2026-04-26,P18,44,6,1,0,34.5,11.1,12.9
2026-04-27,P18,44,0,0,0,30.6,11.3,12.9
2026-04-28,P18,44,1,0,0,28.2,10.6,13.8
2026-04-29,P18,44,2,0,0,26.5,10.9,11.9
2026-04-30,P18,44,3,0,0,28.9,12.7,12.4
2026-05-01,P18,44,4,0,0,27.7,10.4,13.2
2026-05-02,P18,44,5,1,0,34.6,11.0,14.1
2026-05-03,P18,44,6,1,0,37.8,11.0,13.1
2026-05-04,P18,44,0,0,0,27.9,10.8,14.0
2026-05-05,P18,44,1,0,0,28.0,10.6,13.4
2026-05-06,P18,44,2,0,0,33.5,11.7,14.9
2026-05-07,P18,44,3,0,0,30.8,10.2,14.1
2026-05-08,P18,44,4,0,0,32.2,9.9,13.5
2026-05-09,P18,44,5,1,0,37.1,11.2,14.7
2026-05-10,P18,44,6,1,0,36.6,10.6,16.8
2026-05-11,P18,44,0,0,0,28.7,9.6,13.6
2026-05-12,P18,44,1,0,0,28.5,10.6,13.3
2026-05-13,P18,44,2,0,0,25.5,10.8,13.7
2026-05-14,P18,44,3,0,0,31.6,10.9,14.7
2026-05-15,P18,44,4,0,0,32.4,11.2,13.9
2026-05-16,P18,44,5,1,0,36.3,11.3,13.1
2026-05-17,P18,44,6,1,0,32.8,10.6,14.6
2026-05-18,P18,44,0,0,0,31.1,10.5,12.6
2026-05-19,P18,44,1,0,0,29.1,10.7,12.2
2026-05-20,P18,44,2,0,0,27.7,10.7,13.7
2026-05-21,P18,44,3,0,0,30.6,10.0,11.4
2026-05-22,P18,44,4,0,0,29.2,11.6,11.8
2026-05-23,P18,44,5,1,0,35.4,10.2,15.2
2026-05-24,P18,44,6,1,0,38.9,10.5,14.3
2026-05-25,P18,44,0,0,0,28.3,10.7,11.4
2026-05-26,P18,44,1,0,0,27.8,9.9,12.2
2026-05-27,P18,44,2,0,0,30.5,9.9,14.5
2026-05-28,P18,44,3,0,0,30.5,10.9,14.7
2026-05-29,P18,44,4,0,0,30.0,10.1,13.0
2026-05-30,P18,44,5,1,0,38.1,9.6,14.4
2026-05-31,P18,44,6,1,0,36.6,11.3,13.6
2026-06-01,P18,44,0,0,0,28.2,12.1,13.2
2026-06-02,P18,44,1,0,0,30.1,10.3,12.6
2026-06-03,P18,44,2,0,0,29.7,10.3,13.4
2026-06-04,P18,44,3,0,0,29.8,10.3,14.5
2026-06-05,P18,44,4,0,0,30.6,9.0,12.4
2026-06-06,P18,44,5,1,0,36.3,9.9,12.6
2026-06-07,P18,44,6,1,0,38.1,11.2,11.7
2026-06-08,P18,44,0,0,0,27.2,11.0,13.1
2026-06-09,P18,44,1,0,0,31.0,10.2,13.5
2026-06-10,P18,44,2,0,0,28.0,10.5,14.1
2026-06-11,P18,44,3,0,0,30.2,9.8,14.5
2026-06-12,P18,44,4,0,0,29.4,11.1,13.9
2026-06-13,P18,44,5,1,0,36.1,11.5,12.6
2026-06-14,P18,44,6,1,0,36.2,9.7,11.8
2026-06-15,P18,44,0,0,0,33.4,10.6,13.0
2026-06-16,P18,44,1,0,0,32.9,9.2,14.7
2026-06-17,P18,44,2,0,0,30.0,10.6,13.2
2026-06-18,P18,44,3,0,0,29.0,12.0,14.5
2026-06-19,P18,44,4,0,0,29.3,10.1,13.5
2026-06-20,P18,44,5,1,0,35.1,10.0,13.1
2026-06-21,P18,44,6,1,0,35.6,10.2,13.0
2026-06-22,P18,44,0,0,0,27.7,12.0,11.1
2026-06-23,P18,44,1,0,0,30.8,11.3,13.2
2026-06-24,P18,44,2,0,0,29.2,10.9,13.5
2026-06-25,P18,44,3,0,0,30.8,11.2,13.0
2026-06-26,P18,44,4,0,0,27.8,11.0,14.0
2026-06-27,P18,44,5,1,0,38.3,10.3,16.1
2026-06-28,P18,44,6,1,0,33.9,12.3,12.6
2026-06-29,P18,44,0,0,0,29.3,12.2,15.4
2026-06-30,P18,44,1,0,0,32.3,11.4,13.9
2026-07-01,P18,44,2,0,0,27.1,9.7,13.3
2026-07-02,P18,44,3,0,0,30.6,11.4,14.3
2026-07-03,P18,44,4,0,0,32.0,12.0,13.5
2026-07-04,P18,44,5,1,0,33.2,11.6,13.2
2026-07-05,P18,44,6,1,0,36.1,10.9,12.0
2026-07-06,P18,44,0,0,0,29.1,9.5,10.9
2026-07-07,P18,44,1,0,0,28.3,12.0,13.6
2026-07-08,P18,44,2,0,0,30.9,10.6,13.9
2026-07-09,P18,44,3,0,0,26.2,10.1,12.5
2026-07-10,P18,44,4,0,0,27.1,10.8,13.8
2026-07-11,P18,44,5,1,0,37.5,10.7,14.2
2026-07-12,P18,44,6,1,0,37.0,11.0,12.8
2026-07-13,P18,44,0,0,0,30.5,11.1,12.3
2026-07-14,P18,44,1,0,0,28.4,11.7,12.0
2026-07-15,P18,44,2,0,0,28.8,11.6,14.1
2026-07-16,P18,44,3,0,0,31.3,11.3,13.0
2026-07-17,P18,44,4,0,0,26.4,12.5,14.3
2026-07-18,P18,44,5,1,0,35.3,10.8,12.7
2026-07-19,P18,44,6,1,0,36.7,11.2,12.7
2026-07-20,P18,44,0,0,0,32.9,10.5,12.9
2026-07-21,P18,44,1,0,0,31.6,9.7,13.6
2026-07-22,P18,44,2,0,0,33.3,10.8,13.7
2026-07-23,P18,44,3,0,0,28.5,9.9,13.2
2026-07-24,P18,44,4,0,0,33.6,11.5,14.0
2026-07-25,P18,44,5,1,0,38.1,11.6,13.1
2026-07-26,P18,44,6,1,0,36.9,10.7,13.9
2026-07-27,P18,44,0,0,0,27.8,9.6,12.6
2026-07-28,P18,44,1,0,0,30.2,9.8,14.3
2026-07-29,P18,44,2,0,0,27.5,10.6,11.9
2026-07-30,P18,44,3,0,0,30.6,9.4,11.3
2026-07-31,P18,44,4,0,0,29.6,11.0,14.2
2026-08-01,P18,44,5,1,0,37.2,11.1,13.6
2026-08-02,P18,44,6,1,0,37.3,11.9,13.2
2026-08-03,P18,44,0,0,0,27.8,11.9,14.5
2026-08-04,P18,44,1,0,0,30.6,10.3,13.9
2026-08-05,P18,44,2,0,0,32.5,10.3,14.1
2026-08-06,P18,44,3,0,0,27.2,9.9,14.5
2026-08-07,P18,44,4,0,0,30.7,10.4,12.3
2026-08-08,P18,44,5,1,0,35.6,12.5,13.5
2026-08-09,P18,44,6,1,0,38.5,11.2,13.7
2026-08-10,P18,44,0,0,0,30.3,10.5,14.6
2026-08-11,P18,44,1,0,0,29.7,10.5,14.0
2026-08-12,P18,44,2,0,0,29.5,11.1,12.5
2026-08-13,P18,44,3,0,0,26.4,8.9,11.8
2026-08-14,P18,44,4,0,0,27.8,10.2,13.4
2026-08-15,P18,44,5,1,0,37.8,11.2,12.2
2026-08-16,P18,44,6,1,0,40.3,10.6,12.8
2026-08-17,P18,44,0,0,0,29.4,11.0,13.8
2026-08-18,P18,44,1,0,0,28.6,12.1,11.8
2026-08-19,P18,44,2,0,0,30.4,11.4,13.4
2026-08-20,P18,44,3,0,0,27.9,10.8,14.4
2026-08-21,P18,44,4,0,0,29.7,10.3,11.2
2026-08-22,P18,44,5,1,0,37.5,9.1,14.6
2026-08-23,P18,44,6,1,0,35.5,11.7,14.5
2026-08-24,P18,44,0,0,0,29.5,10.6,15.5
2026-08-25,P18,44,1,0,0,29.1,10.5,12.9
2026-08-26,P18,44,2,0,0,28.2,10.7,13.3
2026-08-27,P18,44,3,0,0,24.8,9.8,14.8
2026-08-28,P18,44,4,0,0,31.1,12.7,11.6
2026-08-29,P18,44,5,1,0,33.4,11.7,12.3
2026-08-30,P18,44,6,1,0,38.5,10.2,14.7
2026-08-31,P18,44,0,0,0,29.0,10.6,15.0
2026-09-01,P18,44,1,0,0,30.9,10.2,10.4
2026-09-02,P18,44,2,0,0,32.3,10.6,13.7
2026-09-03,P18,44,3,0,0,27.9,10.6,12.6
2026-09-04,P18,44,4,0,0,28.3,8.6,14.2
2026-09-05,P18,44,5,1,0,37.3,10.1,14.7
2026-09-06,P18,44,6,1,0,36.5,10.4,12.3
2026-09-07,P18,44,0,0,0,32.2,12.6,12.3
2026-09-08,P18,44,1,0,0,27.7,10.5,14.3
2026-09-09,P18,44,2,0,0,29.6,10.6,14.3
2026-09-10,P18,44,3,0,0,29.9,10.5,13.2
2026-09-11,P18,44,4,0,0,28.9,11.6,13.4
2026-09-12,P18,44,5,1,0,36.9,10.7,14.4
2026-09-13,P18,44,6,1,0,36.2,12.4,12.5
2026-09-14,P18,44,0,0,0,26.9,10.9,13.8
2026-03-19,P19,33,3,0,0,21.5,10.2,10.4
2026-03-20,P19,33,4,0,0,23.8,8.4,10.3
2026-03-21,P19,33,5,1,0,26.4,8.1,10.5
2026-03-22,P19,33,6,1,0,25.9,6.6,11.0
2026-03-23,P19,33,0,0,0,23.0,8.3,9.8
2026-03-24,P19,33,1,0,0,23.2,7.1,9.6
2026-03-25,P19,33,2,0,0,21.3,8.8,9.8
2026-03-26,P19,33,3,0,0,21.3,8.6,10.8
2026-03-27,P19,33,4,0,0,21.9,8.3,9.0
2026-03-28,P19,33,5,1,0,26.9,7.4,9.8
2026-03-29,P19,33,6,1,0,28.6,7.6,10.6
2026-03-30,P19,33,0,0,0,23.2,7.5,11.8
2026-03-31,P19,33,1,0,0,21.8,7.3,9.3
2026-04-01,P19,33,2,0,0,22.7,7.9,10.2
2026-04-02,P19,33,3,0,0,19.0,7.5,8.9
2026-04-03,P19,33,4,0,0,23.2,7.6,9.6
2026-04-04,P19,33,5,1,0,27.7,8.8,10.8
2026-04-05,P19,33,6,1,0,28.8,7.5,9.8
2026-04-06,P19,33,0,0,0,22.2,7.4,10.0
2026-04-07,P19,33,1,0,0,22.2,8.5,8.5
2026-04-08,P19,33,2,0,0,21.7,8.1,11.5
2026-04-09,P19,33,3,0,0,23.0,7.7,9.5
2026-04-10,P19,33,4,0,0,23.0,8.3,9.3
2026-04-11,P19,33,5,1,0,27.8,9.0,10.5
2026-04-12,P19,33,6,1,0,26.6,7.1,10.6
2026-04-13,P19,33,0,0,0,22.4,8.7,11.1
2026-04-14,P19,33,1,0,0,21.2,8.1,9.3
2026-04-15,P19,33,2,0,0,19.8,7.9,10.7
2026-04-16,P19,33,3,0,0,22.3,8.0,8.8
2026-04-17,P19,33,4,0,0,22.3,8.0,10.1
2026-04-18,P19,33,5,1,0,27.1,7.8,10.5
2026-04-19,P19,33,6,1,0,28.2,6.8,10.3
2026-04-20,P19,33,0,0,0,21.7,8.1,10.6
2026-04-21,P19,33,1,0,0,23.0,9.2,9.9
2026-04-22,P19,33,2,0,0,23.0,7.4,10.6
2026-04-23,P19,33,3,0,0,20.3,8.6,9.2
2026-04-24,P19,33,4,0,0,20.4,8.4,10.6
2026-04-25,P19,33,5,1,0,29.9,7.8,9.6
2026-04-26,P19,33,6,1,0,27.6,7.2,9.4
2026-04-27,P19,33,0,0,0,22.3,7.2,8.3
2026-04-28,P19,33,1,0,0,20.1,8.1,9.1
2026-04-29,P19,33,2,0,0,23.4,8.6,10.6
2026-04-30,P19,33,3,0,0,21.8,8.1,9.1
2026-05-01,P19,33,4,0,0,22.6,8.6,10.1
2026-05-02,P19,33,5,1,0,25.9,7.0,9.9
2026-05-03,P19,33,6,1,0,27.4,9.4,8.9
2026-05-04,P19,33,0,0,0,20.0,8.2,9.7
2026-05-05,P19,33,1,0,0,25.8,7.2,11.3
2026-05-06,P19,33,2,0,0,20.9,8.0,9.8
2026-05-07,P19,33,3,0,0,20.8,8.9,10.5
2026-05-08,P19,33,4,0,0,20.8,8.9,9.4
2026-05-09,P19,33,5,1,0,29.4,8.2,9.4
2026-05-10,P19,33,6,1,0,27.7,7.5,8.6
2026-05-11,P19,33,0,0,0,23.9,7.7,9.4
2026-05-12,P19,33,1,0,0,20.2,8.2,8.4
2026-05-13,P19,33,2,0,0,20.7,8.2,9.1
2026-05-14,P19,33,3,0,0,22.9,8.5,10.8
2026-05-15,P19,33,4,0,0,21.8,7.6,9.5
2026-05-16,P19,33,5,1,0,30.1,8.4,10.2
2026-05-17,P19,33,6,1,0,28.1,9.2,11.2
2026-05-18,P19,33,0,0,0,19.9,8.2,11.5
2026-05-19,P19,33,1,0,0,21.8,8.0,9.5
2026-05-20,P19,33,2,0,0,22.8,7.8,11.1
2026-05-21,P19,33,3,0,0,20.7,7.8,10.2
2026-05-22,P19,33,4,0,0,21.6,7.8,10.2
2026-05-23,P19,33,5,1,0,27.2,8.1,9.0
2026-05-24,P19,33,6,1,0,29.3,6.8,9.5
2026-05-25,P19,33,0,0,0,24.0,6.7,11.7
2026-05-26,P19,33,1,0,0,21.3,7.8,10.0
2026-05-27,P19,33,2,0,0,23.5,7.9,10.6
2026-05-28,P19,33,3,0,0,23.4,9.0,10.2
2026-05-29,P19,33,4,0,0,21.3,7.3,9.5
2026-05-30,P19,33,5,1,0,27.2,7.7,10.7
2026-05-31,P19,33,6,1,0,25.0,7.6,10.7
2026-06-01,P19,33,0,0,0,21.6,8.0,10.6
2026-06-02,P19,33,1,0,0,24.1,8.8,9.4
2026-06-03,P19,33,2,0,0,19.6,8.1,9.2
2026-06-04,P19,33,3,0,0,21.5,7.5,10.9
2026-06-05,P19,33,4,0,0,21.4,7.9,10.8
2026-06-06,P19,33,5,1,0,28.2,7.9,10.3
2026-06-07,P19,33,6,1,0,29.7,8.6,9.9
2026-06-08,P19,33,0,0,0,22.7,8.1,11.1
2026-06-09,P19,33,1,0,0,21.7,8.4,11.7
2026-06-10,P19,33,2,0,0,21.0,8.0,11.3
2026-06-11,P19,33,3,0,0,24.6,8.6,10.4
2026-06-12,P19,33,4,0,0,22.0,6.9,9.3
2026-06-13,P19,33,5,1,0,29.1,7.7,9.8
2026-06-14,P19,33,6,1,0,27.9,7.9,9.7
2026-06-15,P19,33,0,0,0,19.2,8.3,10.0
2026-06-16,P19,33,1,0,0,22.4,7.8,10.6
2026-06-17,P19,33,2,0,0,21.0,9.0,10.7
2026-06-18,P19,33,3,0,0,23.4,7.9,8.2
2026-06-19,P19,33,4,0,0,20.7,6.9,10.1
2026-06-20,P19,33,5,1,0,28.2,9.4,9.5
2026-06-21,P19,33,6,1,0,27.0,7.0,12.3
2026-06-22,P19,33,0,0,0,22.9,8.9,9.7
2026-06-23,P19,33,1,0,0,21.7,7.9,8.2
2026-06-24,P19,33,2,0,0,21.1,8.0,10.3
2026-06-25,P19,33,3,0,0,23.6,8.2,9.5
2026-06-26,P19,33,4,0,0,21.0,7.6,11.5
2026-06-27,P19,33,5,1,0,27.9,8.0,11.4
2026-06-28,P19,33,6,1,0,28.4,8.3,9.1
2026-06-29,P19,33,0,0,0,23.4,7.3,10.0
2026-06-30,P19,33,1,0,0,20.4,9.1,10.5
2026-07-01,P19,33,2,0,0,21.6,7.4,9.7
2026-07-02,P19,33,3,0,0,22.4,6.8,10.7
2026-07-03,P19,33,4,0,0,23.4,8.0,10.3
2026-07-04,P19,33,5,1,0,29.0,8.5,10.3
2026-07-05,P19,33,6,1,0,26.8,7.8,10.0
2026-07-06,P19,33,0,0,0,19.3,8.3,9.0
2026-07-07,P19,33,1,0,0,22.3,8.0,9.8
2026-07-08,P19,33,2,0,0,19.7,8.3,10.2
2026-07-09,P19,33,3,0,0,22.3,8.2,9.4
2026-07-10,P19,33,4,0,0,23.7,8.1,10.7
2026-07-11,P19,33,5,1,0,26.4,7.6,10.3
2026-07-12,P19,33,6,1,0,28.0,8.0,11.1
2026-07-13,P19,33,0,0,0,19.9,8.1,8.9
2026-07-14,P19,33,1,0,0,24.4,8.2,11.3
2026-07-15,P19,33,2,0,0,24.3,7.6,9.7
2026-07-16,P19,33,3,0,0,24.0,7.5,9.9
2026-07-17,P19,33,4,0,0,21.6,7.3,11.7
2026-07-18,P19,33,5,1,0,28.6,7.8,9.0
2026-07-19,P19,33,6,1,0,27.5,8.5,11.5
2026-07-20,P19,33,0,0,0,24.9,8.2,11.4
2026-07-21,P19,33,1,0,0,22.4,8.6,10.2
2026-07-22,P19,33,2,0,0,21.4,9.0,9.9
2026-07-23,P19,33,3,0,0,21.3,7.5,10.8
2026-07-24,P19,33,4,0,0,23.1,8.5,10.2
2026-07-25,P19,33,5,1,0,25.8,8.8,10.6
2026-07-26,P19,33,6,1,0,28.2,7.5,9.5
2026-07-27,P19,33,0,0,0,23.0,7.6,10.6
2026-07-28,P19,33,1,0,0,22.4,8.3,10.8
2026-07-29,P19,33,2,0,0,23.2,8.2,9.3
2026-07-30,P19,33,3,0,0,21.8,8.9,10.2
2026-07-31,P19,33,4,0,0,24.5,7.1,11.3
2026-08-01,P19,33,5,1,0,26.3,7.1,9.3
2026-08-02,P19,33,6,1,0,26.3,9.1,9.3
2026-08-03,P19,33,0,0,0,22.7,7.9,8.8
2026-08-04,P19,33,1,0,0,22.7,8.1,9.1
2026-08-05,P19,33,2,0,0,23.5,7.5,8.6
2026-08-06,P19,33,3,0,0,23.5,7.8,9.1
2026-08-07,P19,33,4,0,0,21.4,7.7,10.0
2026-08-08,P19,33,5,1,0,26.0,8.8,10.4
2026-08-09,P19,33,6,1,0,27.3,9.2,10.2
2026-08-10,P19,33,0,0,0,22.6,8.0,10.1
2026-08-11,P19,33,1,0,0,23.8,7.7,10.7
2026-08-12,P19,33,2,0,0,21.2,7.6,9.3
2026-08-13,P19,33,3,0,0,20.2,8.4,9.0
2026-08-14,P19,33,4,0,0,23.3,8.6,9.8
2026-08-15,P19,33,5,1,0,28.6,8.4,10.9
2026-08-16,P19,33,6,1,0,26.3,8.3,10.9
2026-08-17,P19,33,0,0,0,21.8,8.3,9.6
2026-08-18,P19,33,1,0,0,25.0,8.6,9.9
2026-08-19,P19,33,2,0,0,23.9,7.9,10.3
2026-08-20,P19,33,3,0,0,23.1,9.0,9.8
2026-08-21,P19,33,4,0,0,24.7,8.7,10.9
2026-08-22,P19,33,5,1,0,28.7,8.8,10.4
2026-08-23,P19,33,6,1,0,27.8,9.0,10.3
2026-08-24,P19,33,0,0,0,23.2,7.4,11.3
2026-08-25,P19,33,1,0,0,22.7,9.0,10.5
2026-08-26,P19,33,2,0,0,22.1,8.5,9.4
2026-08-27,P19,33,3,0,0,19.8,7.4,11.1
2026-08-28,P19,33,4,0,0,21.1,7.7,10.8
2026-08-29,P19,33,5,1,0,28.3,7.6,10.0
2026-08-30,P19,33,6,1,0,27.1,8.6,10.4
2026-08-31,P19,33,0,0,0,20.9,7.2,8.8
2026-09-01,P19,33,1,0,0,22.8,8.5,10.2
2026-09-02,P19,33,2,0,0,20.9,7.3,10.7
2026-09-03,P19,33,3,0,0,18.6,8.4,9.7
2026-09-04,P19,33,4,0,0,21.6,9.5,10.6
2026-09-05,P19,33,5,1,0,27.9,8.0,8.9
2026-09-06,P19,33,6,1,0,26.1,6.9,10.0
2026-09-07,P19,33,0,0,0,20.4,8.0,9.7
2026-09-08,P19,33,1,0,0,22.9,8.1,9.9
2026-09-09,P19,33,2,0,0,21.9,7.4,10.4
2026-09-10,P19,33,3,0,0,22.1,9.4,10.9
2026-09-11,P19,33,4,0,0,22.4,8.8,9.1
2026-09-12,P19,33,5,1,0,26.9,7.1,10.7
2026-09-13,P19,33,6,1,0,28.6,7.4,10.9
2026-09-14,P19,33,0,0,0,22.6,7.4,9.9
2026-03-19,P20,83,3,0,0,54.3,23.1,24.6
2026-03-20,P20,83,4,0,0,57.5,20.2,28.5
2026-03-21,P20,83,5,1,0,66.5,21.4,25.0
2026-03-22,P20,83,6,1,0,67.2,20.2,28.3
2026-03-23,P20,83,0,0,0,57.4,19.0,23.6
2026-03-24,P20,83,1,0,0,58.2,22.0,23.6
2026-03-25,P20,83,2,0,0,52.2,19.0,22.8
2026-03-26,P20,83,3,0,0,57.2,20.4,24.1
2026-03-27,P20,83,4,0,0,49.5,19.4,22.8
2026-03-28,P20,83,5,1,0,71.3,20.8,26.2
2026-03-29,P20,83,6,1,0,68.2,21.4,26.9
2026-03-30,P20,83,0,0,0,56.8,22.1,24.8
2026-03-31,P20,83,1,0,0,51.3,18.0,28.4
2026-04-01,P20,83,2,0,0,51.1,20.8,25.1
2026-04-02,P20,83,3,0,0,54.7,22.1,28.0
2026-04-03,P20,83,4,0,0,52.8,20.3,25.4
2026-04-04,P20,83,5,1,0,64.3,21.1,26.1
2026-04-05,P20,83,6,1,0,68.8,22.4,21.7
2026-04-06,P20,83,0,0,0,57.6,19.2,23.0
2026-04-07,P20,83,1,0,0,57.5,19.8,24.1
2026-04-08,P20,83,2,0,0,60.7,18.0,22.7
2026-04-09,P20,83,3,0,0,52.6,20.5,25.0
2026-04-10,P20,83,4,0,0,54.9,18.5,23.1
2026-04-11,P20,83,5,1,0,69.9,17.1,26.2
2026-04-12,P20,83,6,1,0,67.9,21.8,25.9
2026-04-13,P20,83,0,0,0,56.7,20.4,20.6
2026-04-14,P20,83,1,0,0,56.4,19.8,27.2
2026-04-15,P20,83,2,0,0,52.4,18.4,27.2
2026-04-16,P20,83,3,0,0,52.5,21.2,22.4
2026-04-17,P20,83,4,0,0,54.9,20.7,24.7
2026-04-18,P20,83,5,1,0,68.0,21.4,21.1
2026-04-19,P20,83,6,1,0,66.1,17.3,23.2
2026-04-20,P20,83,0,0,0,52.5,20.7,24.5
2026-04-21,P20,83,1,0,0,57.0,21.9,27.9
2026-04-22,P20,83,2,0,0,54.1,15.2,25.6
2026-04-23,P20,83,3,0,0,59.0,18.1,23.8
2026-04-24,P20,83,4,0,0,57.3,20.8,26.2
2026-04-25,P20,83,5,1,0,70.7,16.9,26.6
2026-04-26,P20,83,6,1,0,67.1,23.5,28.4
2026-04-27,P20,83,0,0,0,54.7,22.1,23.7
2026-04-28,P20,83,1,0,0,56.5,20.9,26.8
2026-04-29,P20,83,2,0,0,50.4,23.4,25.8
2026-04-30,P20,83,3,0,0,59.1,19.5,25.1
2026-05-01,P20,83,4,0,0,54.7,20.2,24.6
2026-05-02,P20,83,5,1,0,71.2,23.7,22.1
2026-05-03,P20,83,6,1,0,66.5,17.0,24.5
2026-05-04,P20,83,0,0,0,54.6,20.8,24.0
2026-05-05,P20,83,1,0,0,49.0,18.4,25.8
2026-05-06,P20,83,2,0,0,54.6,23.2,28.3
2026-05-07,P20,83,3,0,0,54.9,21.1,26.3
2026-05-08,P20,83,4,0,0,60.3,21.4,24.8
2026-05-09,P20,83,5,1,0,66.0,18.7,25.0
2026-05-10,P20,83,6,1,0,66.2,18.6,25.6
2026-05-11,P20,83,0,0,0,50.0,18.6,29.2
2026-05-12,P20,83,1,0,0,48.1,21.5,25.5
2026-05-13,P20,83,2,0,0,52.3,21.3,22.6
2026-05-14,P20,83,3,0,0,55.7,19.7,24.9
2026-05-15,P20,83,4,0,0,54.8,21.0,26.5
2026-05-16,P20,83,5,1,0,73.5,19.2,24.9
2026-05-17,P20,83,6,1,0,70.8,21.1,22.0
2026-05-18,P20,83,0,0,0,54.6,21.1,28.5
2026-05-19,P20,83,1,0,0,49.4,21.7,22.4
2026-05-20,P20,83,2,0,0,56.3,20.0,23.8
2026-05-21,P20,83,3,0,0,54.3,20.8,26.9
2026-05-22,P20,83,4,0,0,54.8,21.6,22.6
2026-05-23,P20,83,5,1,0,66.5,17.7,25.3
2026-05-24,P20,83,6,1,0,70.1,21.3,25.2
2026-05-25,P20,83,0,0,0,57.8,17.2,25.4
2026-05-26,P20,83,1,0,0,52.7,21.0,24.1
2026-05-27,P20,83,2,0,0,55.3,22.5,27.7
2026-05-28,P20,83,3,0,0,55.2,18.7,26.8
2026-05-29,P20,83,4,0,0,54.5,19.6,24.2
2026-05-30,P20,83,5,1,0,66.0,20.3,27.4
2026-05-31,P20,83,6,1,0,72.2,19.3,21.7
2026-06-01,P20,83,0,0,0,49.1,20.3,23.0
2026-06-02,P20,83,1,0,0,55.3,20.2,26.7
2026-06-03,P20,83,2,0,0,48.2,19.9,25.2
2026-06-04,P20,83,3,0,0,53.9,20.2,23.5
2026-06-05,P20,83,4,0,0,53.7,21.5,23.2
2026-06-06,P20,83,5,1,0,70.1,21.1,24.2
2026-06-07,P20,83,6,1,0,68.5,18.6,25.8
2026-06-08,P20,83,0,0,0,52.5,18.3,26.4
2026-06-09,P20,83,1,0,0,56.2,21.0,21.6
2026-06-10,P20,83,2,0,0,49.4,18.9,23.9
2026-06-11,P20,83,3,0,0,54.6,19.8,24.4
2026-06-12,P20,83,4,0,0,49.2,22.1,26.7
2026-06-13,P20,83,5,1,0,73.7,18.6,22.3
2026-06-14,P20,83,6,1,0,67.3,18.5,24.8
2026-06-15,P20,83,0,0,0,55.7,20.9,21.2
2026-06-16,P20,83,1,0,0,53.6,20.4,28.6
2026-06-17,P20,83,2,0,0,57.6,19.3,25.7
2026-06-18,P20,83,3,0,0,60.3,20.4,24.8
2026-06-19,P20,83,4,0,0,62.9,20.5,26.7
2026-06-20,P20,83,5,1,0,70.9,19.1,25.2
2026-06-21,P20,83,6,1,0,68.1,21.1,25.3
2026-06-22,P20,83,0,0,0,52.6,19.9,26.1
2026-06-23,P20,83,1,0,0,56.1,17.7,27.3
2026-06-24,P20,83,2,0,0,59.1,19.9,25.9
2026-06-25,P20,83,3,0,0,59.8,21.2,25.2
2026-06-26,P20,83,4,0,0,51.7,23.0,25.4
2026-06-27,P20,83,5,1,0,67.4,19.5,24.7
2026-06-28,P20,83,6,1,0,63.0,20.8,27.6
2026-06-29,P20,83,0,0,0,54.0,21.3,24.6
2026-06-30,P20,83,1,0,0,55.0,19.9,26.4
2026-07-01,P20,83,2,0,0,54.7,22.4,23.4
2026-07-02,P20,83,3,0,0,55.6,23.5,27.9
2026-07-03,P20,83,4,0,0,51.6,19.3,27.1
2026-07-04,P20,83,5,1,0,66.6,20.0,25.4
2026-07-05,P20,83,6,1,0,65.6,20.1,23.3
2026-07-06,P20,83,0,0,0,58.1,20.9,25.9
2026-07-07,P20,83,1,0,0,58.4,19.8,25.3
2026-07-08,P20,83,2,0,0,58.2,17.9,23.9
2026-07-09,P20,83,3,0,0,52.1,22.6,25.9
2026-07-10,P20,83,4,0,0,54.9,21.6,28.5
2026-07-11,P20,83,5,1,0,66.4,20.1,26.8
2026-07-12,P20,83,6,1,0,72.4,17.5,25.6
2026-07-13,P20,83,0,0,0,52.9,19.6,25.2
2026-07-14,P20,83,1,0,0,52.6,19.5,26.7
2026-07-15,P20,83,2,0,0,56.8,21.2,23.2
2026-07-16,P20,83,3,0,0,53.7,22.5,25.1
2026-07-17,P20,83,4,0,0,55.3,17.2,23.4
2026-07-18,P20,83,5,1,0,68.1,19.2,23.6
2026-07-19,P20,83,6,1,0,67.8,18.2,29.0
2026-07-20,P20,83,0,0,0,47.0,20.7,25.5
2026-07-21,P20,83,1,0,0,54.1,18.6,25.1
2026-07-22,P20,83,2,0,0,53.1,20.0,23.8
2026-07-23,P20,83,3,0,0,46.9,21.7,27.1
2026-07-24,P20,83,4,0,0,55.9,21.4,28.2
2026-07-25,P20,83,5,1,0,63.4,20.2,23.1
2026-07-26,P20,83,6,1,0,67.9,19.5,27.1
2026-07-27,P20,83,0,0,0,53.0,23.5,24.0
2026-07-28,P20,83,1,0,0,51.5,18.9,23.8
2026-07-29,P20,83,2,0,0,54.0,19.3,23.7
2026-07-30,P20,83,3,0,0,54.8,18.1,23.0
2026-07-31,P20,83,4,0,0,52.6,19.9,20.5
2026-08-01,P20,83,5,1,0,70.7,22.3,23.6
2026-08-02,P20,83,6,1,0,69.9,19.3,21.3
2026-08-03,P20,83,0,0,0,54.1,21.7,25.2
2026-08-04,P20,83,1,0,0,55.8,20.5,26.8
2026-08-05,P20,83,2,0,0,54.7,21.0,27.9
2026-08-06,P20,83,3,0,0,52.2,19.7,27.1
2026-08-07,P20,83,4,0,0,56.5,20.9,26.6
2026-08-08,P20,83,5,1,0,66.7,19.6,21.9
2026-08-09,P20,83,6,1,0,63.4,19.6,28.7
2026-08-10,P20,83,0,0,0,58.1,18.5,24.1
2026-08-11,P20,83,1,0,0,59.4,19.0,25.9
2026-08-12,P20,83,2,0,0,50.4,19.4,26.1
2026-08-13,P20,83,3,0,0,56.0,19.9,23.4
2026-08-14,P20,83,4,0,0,55.0,20.8,25.8
2026-08-15,P20,83,5,1,0,64.7,20.2,23.3
2026-08-16,P20,83,6,1,0,69.5,17.9,24.4
2026-08-17,P20,83,0,0,0,61.0,21.7,22.9
2026-08-18,P20,83,1,0,0,53.1,20.2,26.3
2026-08-19,P20,83,2,0,0,45.4,22.5,27.0
2026-08-20,P20,83,3,0,0,56.3,20.8,26.3
2026-08-21,P20,83,4,0,0,53.0,20.4,24.6
2026-08-22,P20,83,5,1,0,65.3,19.9,24.1
2026-08-23,P20,83,6,1,0,66.3,19.2,25.0
2026-08-24,P20,83,0,0,0,52.1,19.5,23.3
2026-08-25,P20,83,1,0,0,57.6,19.3,27.3
2026-08-26,P20,83,2,0,0,48.4,19.4,27.8
2026-08-27,P20,83,3,0,0,48.2,22.9,23.8
2026-08-28,P20,83,4,0,0,53.6,17.1,22.9
2026-08-29,P20,83,5,1,0,67.4,20.6,22.1
2026-08-30,P20,83,6,1,0,65.6,19.4,24.8
2026-08-31,P20,83,0,0,0,55.7,18.8,26.7
2026-09-01,P20,83,1,0,0,52.5,17.8,25.6
2026-09-02,P20,83,2,0,0,59.2,23.8,25.0
2026-09-03,P20,83,3,0,0,53.6,20.7,25.0
2026-09-04,P20,83,4,0,0,54.6,18.2,25.9
2026-09-05,P20,83,5,1,0,71.7,20.1,26.6
2026-09-06,P20,83,6,1,0,70.6,19.9,29.6
2026-09-07,P20,83,0,0,0,54.4,19.8,24.7
2026-09-08,P20,83,1,0,0,58.8,22.4,25.9
2026-09-09,P20,83,2,0,0,55.0,22.3,28.7
2026-09-10,P20,83,3,0,0,54.0,22.4,21.6
2026-09-11,P20,83,4,0,0,59.8,20.0,22.8
2026-09-12,P20,83,5,1,0,69.1,21.9,22.7
2026-09-13,P20,83,6,1,0,69.2,19.6,29.2
2026-09-14,P20,83,0,0,0,56.4,21.5,27.7
2026-03-19,P21,25,3,0,0,16.9,5.8,6.5
2026-03-20,P21,25,4,0,0,17.4,6.6,7.8
2026-03-21,P21,25,5,1,0,21.0,6.1,5.8
2026-03-22,P21,25,6,1,0,19.8,6.2,8.3
2026-03-23,P21,25,0,0,0,18.4,6.1,7.8
2026-03-24,P21,25,1,0,0,15.8,5.7,6.2
2026-03-25,P21,25,2,0,0,14.5,5.4,6.1
2026-03-26,P21,25,3,0,0,16.3,5.2,8.2
2026-03-27,P21,25,4,0,0,16.3,5.8,7.8
2026-03-28,P21,25,5,1,0,19.6,6.0,7.3
2026-03-29,P21,25,6,1,0,19.9,6.1,7.7
2026-03-30,P21,25,0,0,0,17.6,6.4,8.4
2026-03-31,P21,25,1,0,0,16.5,6.0,7.4
2026-04-01,P21,25,2,0,0,17.4,5.7,8.2
2026-04-02,P21,25,3,0,0,16.1,5.4,7.2
2026-04-03,P21,25,4,0,0,16.6,6.7,8.0
2026-04-04,P21,25,5,1,0,21.1,6.6,8.5
2026-04-05,P21,25,6,1,0,20.3,6.1,7.1
2026-04-06,P21,25,0,0,0,16.2,6.1,7.4
2026-04-07,P21,25,1,0,0,15.8,6.4,6.8
2026-04-08,P21,25,2,0,0,17.0,5.8,7.5
2026-04-09,P21,25,3,0,0,16.0,6.7,7.8
2026-04-10,P21,25,4,0,0,16.7,6.2,7.3
2026-04-11,P21,25,5,1,0,21.3,6.4,8.7
2026-04-12,P21,25,6,1,0,21.0,6.4,7.3
2026-04-13,P21,25,0,0,0,15.8,5.4,7.6
2026-04-14,P21,25,1,0,0,15.7,6.6,6.7
2026-04-15,P21,25,2,0,0,16.9,6.1,7.4
2026-04-16,P21,25,3,0,0,17.0,5.6,7.1
2026-04-17,P21,25,4,0,0,16.3,5.9,7.0
2026-04-18,P21,25,5,1,0,21.3,5.2,7.7
2026-04-19,P21,25,6,1,0,22.1,5.1,7.5
2026-04-20,P21,25,0,0,0,16.6,5.8,7.6
2026-04-21,P21,25,1,0,0,15.7,5.9,7.5
2026-04-22,P21,25,2,0,0,17.6,6.5,7.6
2026-04-23,P21,25,3,0,0,17.0,5.6,7.2
2026-04-24,P21,25,4,0,0,15.6,6.4,8.4
2026-04-25,P21,25,5,1,0,20.9,5.3,6.6
2026-04-26,P21,25,6,1,0,21.7,6.0,7.1
2026-04-27,P21,25,0,0,0,17.7,6.9,8.3
2026-04-28,P21,25,1,0,0,16.1,6.5,7.5
2026-04-29,P21,25,2,0,0,16.7,6.2,6.9
2026-04-30,P21,25,3,0,0,15.6,5.8,6.6
2026-05-01,P21,25,4,0,0,17.6,6.0,8.1
2026-05-02,P21,25,5,1,0,19.8,6.6,7.0
2026-05-03,P21,25,6,1,0,23.1,6.6,6.8
2026-05-04,P21,25,0,0,0,17.5,5.7,6.6
2026-05-05,P21,25,1,0,0,17.3,6.5,7.3
2026-05-06,P21,25,2,0,0,17.7,6.1,8.6
2026-05-07,P21,25,3,0,0,15.5,7.1,7.2
2026-05-08,P21,25,4,0,0,17.3,7.2,7.5
2026-05-09,P21,25,5,1,0,20.1,5.4,8.8
2026-05-10,P21,25,6,1,0,21.5,5.9,7.6
2026-05-11,P21,25,0,0,0,14.7,5.7,7.6
2026-05-12,P21,25,1,0,0,17.1,6.0,7.9
2026-05-13,P21,25,2,0,0,15.9,6.3,7.7
2026-05-14,P21,25,3,0,0,16.6,6.2,7.5
2026-05-15,P21,25,4,0,0,18.0,6.3,7.0
2026-05-16,P21,25,5,1,0,19.7,6.1,6.6
2026-05-17,P21,25,6,1,0,20.9,5.7,6.2
2026-05-18,P21,25,0,0,0,15.6,5.2,7.2
2026-05-19,P21,25,1,0,0,14.9,6.2,7.7
2026-05-20,P21,25,2,0,0,16.5,5.7,7.7
2026-05-21,P21,25,3,0,0,14.4,6.3,6.6
2026-05-22,P21,25,4,0,0,15.6,6.2,8.1
2026-05-23,P21,25,5,1,0,21.1,6.0,6.7
2026-05-24,P21,25,6,1,0,20.9,6.6,7.6
2026-05-25,P21,25,0,0,0,15.6,5.5,8.4
2026-05-26,P21,25,1,0,0,15.2,5.5,8.2
2026-05-27,P21,25,2,0,0,15.8,6.2,7.8
2026-05-28,P21,25,3,0,0,16.8,6.5,7.0
2026-05-29,P21,25,4,0,0,17.7,5.6,7.7
2026-05-30,P21,25,5,1,0,19.2,6.6,9.0
2026-05-31,P21,25,6,1,0,21.2,5.7,7.7
2026-06-01,P21,25,0,0,0,15.7,5.2,7.3
2026-06-02,P21,25,1,0,0,16.6,5.9,7.2
2026-06-03,P21,25,2,0,0,17.7,5.3,8.0
2026-06-04,P21,25,3,0,0,16.6,5.6,7.2
2026-06-05,P21,25,4,0,0,15.4,6.2,8.1
2026-06-06,P21,25,5,1,0,20.4,6.1,7.0
2026-06-07,P21,25,6,1,0,20.5,6.7,6.6
2026-06-08,P21,25,0,0,0,15.4,5.6,7.7
2026-06-09,P21,25,1,0,0,15.6,6.1,6.9
2026-06-10,P21,25,2,0,0,16.3,6.3,5.9
2026-06-11,P21,25,3,0,0,15.5,5.9,7.3
2026-06-12,P21,25,4,0,0,16.0,5.4,8.7
2026-06-13,P21,25,5,1,0,20.1,5.8,7.9
2026-06-14,P21,25,6,1,0,19.2,5.9,7.6
2026-06-15,P21,25,0,0,0,16.4,6.2,6.9
2026-06-16,P21,25,1,0,0,16.6,6.6,6.9
2026-06-17,P21,25,2,0,0,16.5,6.4,7.2
2026-06-18,P21,25,3,0,0,18.3,5.7,7.4
2026-06-19,P21,25,4,0,0,16.4,6.1,7.1
2026-06-20,P21,25,5,1,0,21.9,5.6,7.2
2026-06-21,P21,25,6,1,0,22.2,6.2,7.5
2026-06-22,P21,25,0,0,0,16.9,6.6,8.0
2026-06-23,P21,25,1,0,0,15.8,5.6,7.3
2026-06-24,P21,25,2,0,0,19.1,5.9,7.1
2026-06-25,P21,25,3,0,0,17.4,5.2,7.4
2026-06-26,P21,25,4,0,0,15.3,5.8,7.6
2026-06-27,P21,25,5,1,0,20.2,6.2,8.3
2026-06-28,P21,25,6,1,0,20.4,6.3,7.1
2026-06-29,P21,25,0,0,0,16.9,6.0,8.4
2026-06-30,P21,25,1,0,0,15.8,5.9,7.6
2026-07-01,P21,25,2,0,0,17.2,5.9,6.8
2026-07-02,P21,25,3,0,0,14.8,6.3,7.0
2026-07-03,P21,25,4,0,0,17.0,6.2,7.5
2026-07-04,P21,25,5,1,0,21.5,5.1,7.4
2026-07-05,P21,25,6,1,0,20.7,6.9,7.0
2026-07-06,P21,25,0,0,0,17.3,6.0,6.9
2026-07-07,P21,25,1,0,0,16.5,5.2,7.3
2026-07-08,P21,25,2,0,0,18.0,5.2,6.7
2026-07-09,P21,25,3,0,0,16.2,5.7,7.4
2026-07-10,P21,25,4,0,0,16.6,5.8,7.7
2026-07-11,P21,25,5,1,0,20.5,6.6,8.0
2026-07-12,P21,25,6,1,0,20.5,6.0,7.6
2026-07-13,P21,25,0,0,0,16.3,6.2,7.3
2026-07-14,P21,25,1,0,0,18.0,6.3,6.8
2026-07-15,P21,25,2,0,0,15.9,5.7,6.4
2026-07-16,P21,25,3,0,0,18.0,6.4,7.5
2026-07-17,P21,25,4,0,0,15.9,6.4,6.5
2026-07-18,P21,25,5,1,0,21.0,6.2,8.4
2026-07-19,P21,25,6,1,0,20.3,5.7,8.6
2026-07-20,P21,25,0,0,0,16.9,6.7,7.3
2026-07-21,P21,25,1,0,0,15.7,5.8,8.0
2026-07-22,P21,25,2,0,0,19.3,5.7,7.9
2026-07-23,P21,25,3,0,0,15.9,6.7,8.3
2026-07-24,P21,25,4,0,0,16.8,6.2,8.0
2026-07-25,P21,25,5,1,0,17.6,6.7,9.1
2026-07-26,P21,25,6,1,0,21.0,5.5,7.3
2026-07-27,P21,25,0,0,0,16.7,7.1,8.1
2026-07-28,P21,25,1,0,0,17.5,6.1,7.3
2026-07-29,P21,25,2,0,0,17.1,7.5,7.2
2026-07-30,P21,25,3,0,0,16.2,6.4,8.4
2026-07-31,P21,25,4,0,0,16.4,5.5,6.7
2026-08-01,P21,25,5,1,0,21.5,5.4,7.9
2026-08-02,P21,25,6,1,0,20.2,6.4,8.5
2026-08-03,P21,25,0,0,0,17.8,6.8,7.2
2026-08-04,P21,25,1,0,0,16.0,6.5,6.6
2026-08-05,P21,25,2,0,0,17.7,5.5,7.5
2026-08-06,P21,25,3,0,0,17.0,5.5,7.8
2026-08-07,P21,25,4,0,0,16.2,5.9,8.2
2026-08-08,P21,25,5,1,0,20.1,6.5,8.1
2026-08-09,P21,25,6,1,0,22.5,5.5,8.1
2026-08-10,P21,25,0,0,0,17.5,5.9,7.0
2026-08-11,P21,25,1,0,0,15.5,6.4,8.1
2026-08-12,P21,25,2,0,0,17.8,6.0,7.3
2026-08-13,P21,25,3,0,0,14.1,5.8,7.9
2026-08-14,P21,25,4,0,0,15.5,5.8,8.0
2026-08-15,P21,25,5,1,0,21.1,6.0,6.3
2026-08-16,P21,25,6,1,0,19.9,5.5,8.3
2026-08-17,P21,25,0,0,0,15.0,6.2,8.0
2026-08-18,P21,25,1,0,0,16.9,5.8,8.7
2026-08-19,P21,25,2,0,0,15.6,5.8,7.9
2026-08-20,P21,25,3,0,0,17.0,5.8,7.1
2026-08-21,P21,25,4,0,0,16.7,4.8,6.4
2026-08-22,P21,25,5,1,0,21.4,4.8,7.2
2026-08-23,P21,25,6,1,0,20.6,5.7,7.2
2026-08-24,P21,25,0,0,0,17.0,5.9,6.0
2026-08-25,P21,25,1,0,0,17.1,6.1,7.5
2026-08-26,P21,25,2,0,0,15.6,5.1,8.7
2026-08-27,P21,25,3,0,0,16.4,6.5,7.8
2026-08-28,P21,25,4,0,0,16.4,6.8,8.3
2026-08-29,P21,25,5,1,0,21.8,5.6,6.9
2026-08-30,P21,25,6,1,0,21.7,6.1,7.4
2026-08-31,P21,25,0,0,0,15.7,5.3,8.2
2026-09-01,P21,25,1,0,0,16.6,5.5,7.4
2026-09-02,P21,25,2,0,0,15.3,5.7,7.0
2026-09-03,P21,25,3,0,0,16.9,6.2,7.4
2026-09-04,P21,25,4,0,0,18.3,6.0,7.2
2026-09-05,P21,25,5,1,0,21.1,6.4,6.8
2026-09-06,P21,25,6,1,0,22.5,6.1,7.1
2026-09-07,P21,25,0,0,0,17.7,6.4,8.6
2026-09-08,P21,25,1,0,0,17.5,5.6,7.5
2026-09-09,P21,25,2,0,0,16.4,6.4,6.5
2026-09-10,P21,25,3,0,0,17.1,5.8,6.8
2026-09-11,P21,25,4,0,0,15.1,5.5,7.8
2026-09-12,P21,25,5,1,0,21.3,6.1,8.1
2026-09-13,P21,25,6,1,0,20.1,6.3,7.8
2026-09-14,P21,25,0,0,0,16.3,5.6,7.0
2026-03-19,P22,52,3,0,0,33.0,12.9,15.6
2026-03-20,P22,52,4,0,0,31.4,13.1,16.5
2026-03-21,P22,52,5,1,0,41.0,13.5,16.6
2026-03-22,P22,52,6,1,0,43.5,12.1,17.3
2026-03-23,P22,52,0,0,0,34.4,14.2,15.6
2026-03-24,P22,52,1,0,0,27.7,11.4,16.7
2026-03-25,P22,52,2,0,0,35.5,13.4,17.1
2026-03-26,P22,52,3,0,0,37.9,12.2,16.8
2026-03-27,P22,52,4,0,0,36.2,11.7,16.5
2026-03-28,P22,52,5,1,0,45.4,13.5,18.1
2026-03-29,P22,52,6,1,0,48.2,12.8,15.1
2026-03-30,P22,52,0,0,0,36.1,12.7,16.7
2026-03-31,P22,52,1,0,0,35.2,10.8,15.0
2026-04-01,P22,52,2,0,0,33.0,10.4,16.4
2026-04-02,P22,52,3,0,0,37.9,11.5,17.0
2026-04-03,P22,52,4,0,0,31.6,11.9,15.6
2026-04-04,P22,52,5,1,0,44.1,14.0,15.3
2026-04-05,P22,52,6,1,0,43.8,12.4,16.1
2026-04-06,P22,52,0,0,0,32.2,12.2,15.6
2026-04-07,P22,52,1,0,0,30.4,12.9,15.6
2026-04-08,P22,52,2,0,0,33.1,12.3,15.6
2026-04-09,P22,52,3,0,0,38.0,12.0,14.0
2026-04-10,P22,52,4,0,0,34.7,14.1,15.4
2026-04-11,P22,52,5,1,0,43.4,11.6,14.7
2026-04-12,P22,52,6,1,0,44.4,12.9,15.9
2026-04-13,P22,52,0,0,0,33.9,13.6,14.8
2026-04-14,P22,52,1,0,0,36.0,12.8,14.3
2026-04-15,P22,52,2,0,0,33.2,11.4,16.1
2026-04-16,P22,52,3,0,0,34.9,11.7,15.2
2026-04-17,P22,52,4,0,0,33.6,12.9,16.1
2026-04-18,P22,52,5,1,0,44.1,13.8,16.0
2026-04-19,P22,52,6,1,0,45.6,11.4,15.0
2026-04-20,P22,52,0,0,0,35.2,12.2,17.4
2026-04-21,P22,52,1,0,0,32.2,13.2,17.9
2026-04-22,P22,52,2,0,0,32.9,11.8,17.8
2026-04-23,P22,52,3,0,0,34.6,11.6,14.8
2026-04-24,P22,52,4,0,0,35.7,13.6,12.6
2026-04-25,P22,52,5,1,0,42.8,12.0,18.1
2026-04-26,P22,52,6,1,0,43.2,13.4,14.7
2026-04-27,P22,52,0,0,0,33.9,10.0,17.0
2026-04-28,P22,52,1,0,0,36.8,12.2,14.3
2026-04-29,P22,52,2,0,0,39.7,12.0,15.9
2026-04-30,P22,52,3,0,0,36.6,13.0,14.8
2026-05-01,P22,52,4,0,0,39.0,11.2,16.3
2026-05-02,P22,52,5,1,0,41.9,12.4,16.1
2026-05-03,P22,52,6,1,0,39.8,12.8,17.2
2026-05-04,P22,52,0,0,0,33.5,13.7,16.6
2026-05-05,P22,52,1,0,0,35.6,11.6,14.7
2026-05-06,P22,52,2,0,0,35.3,13.1,15.9
2026-05-07,P22,52,3,0,0,31.0,13.4,14.3
2026-05-08,P22,52,4,0,0,37.4,14.7,17.5
2026-05-09,P22,52,5,1,0,42.9,13.0,13.6
2026-05-10,P22,52,6,1,0,42.6,14.9,13.3
2026-05-11,P22,52,0,0,0,35.3,12.4,16.4
2026-05-12,P22,52,1,0,0,33.6,13.4,15.7
2026-05-13,P22,52,2,0,0,32.3,11.7,16.3
2026-05-14,P22,52,3,0,0,31.5,13.4,13.0
2026-05-15,P22,52,4,0,0,37.7,11.5,17.5
2026-05-16,P22,52,5,1,0,46.7,12.3,17.7
2026-05-17,P22,52,6,1,0,43.6,13.0,17.6
2026-05-18,P22,52,0,0,0,34.0,13.5,14.7
2026-05-19,P22,52,1,0,0,37.9,12.0,17.1
2026-05-20,P22,52,2,0,0,35.0,13.2,13.2
2026-05-21,P22,52,3,0,0,34.5,13.2,16.3
2026-05-22,P22,52,4,0,0,33.5,13.6,15.5
2026-05-23,P22,52,5,1,0,40.9,12.9,15.6
2026-05-24,P22,52,6,1,0,41.5,11.3,16.9
2026-05-25,P22,52,0,0,0,33.3,12.3,17.4
2026-05-26,P22,52,1,0,0,33.9,12.9,15.1
2026-05-27,P22,52,2,0,0,33.3,11.0,17.8
2026-05-28,P22,52,3,0,0,35.4,12.9,15.7
2026-05-29,P22,52,4,0,0,32.7,12.7,14.4
2026-05-30,P22,52,5,1,0,43.9,13.0,15.5
2026-05-31,P22,52,6,1,0,44.5,13.2,16.2
2026-06-01,P22,52,0,0,0,31.4,11.8,15.6
2026-06-02,P22,52,1,0,0,37.1,12.5,16.0
2026-06-03,P22,52,2,0,0,34.7,12.2,16.2
2026-06-04,P22,52,3,0,0,31.4,11.8,18.0
2026-06-05,P22,52,4,0,0,36.4,12.0,16.3
2026-06-06,P22,52,5,1,0,42.3,11.5,16.0
2026-06-07,P22,52,6,1,0,41.7,13.9,15.4
2026-06-08,P22,52,0,0,0,33.0,12.6,15.4
2026-06-09,P22,52,1,0,0,36.1,13.3,14.6
2026-06-10,P22,52,2,0,0,36.0,13.8,16.2
2026-06-11,P22,52,3,0,0,36.7,11.9,17.1
2026-06-12,P22,52,4,0,0,34.8,13.7,16.0
2026-06-13,P22,52,5,1,0,44.3,10.9,14.1
2026-06-14,P22,52,6,1,0,43.4,11.5,14.2
2026-06-15,P22,52,0,0,0,29.4,11.5,16.0
2026-06-16,P22,52,1,0,0,32.1,13.2,13.4
2026-06-17,P22,52,2,0,0,38.6,13.8,12.7
2026-06-18,P22,52,3,0,0,30.4,12.6,13.6
2026-06-19,P22,52,4,0,0,33.1,12.9,13.2
2026-06-20,P22,52,5,1,0,44.5,12.5,13.9
2026-06-21,P22,52,6,1,0,45.9,13.2,14.9
2026-06-22,P22,52,0,0,0,36.7,11.9,13.5
2026-06-23,P22,52,1,0,0,34.2,12.7,15.6
2026-06-24,P22,52,2,0,0,34.5,12.7,15.5
2026-06-25,P22,52,3,0,0,34.9,13.6,15.7
2026-06-26,P22,52,4,0,0,36.0,12.2,14.7
2026-06-27,P22,52,5,1,0,40.3,13.0,15.9
2026-06-28,P22,52,6,1,0,40.5,11.3,17.8
2026-06-29,P22,52,0,0,0,35.4,12.1,15.8
2026-06-30,P22,52,1,0,0,33.2,12.7,16.0
2026-07-01,P22,52,2,0,0,31.4,11.4,16.0
2026-07-02,P22,52,3,0,0,32.0,13.4,15.4
2026-07-03,P22,52,4,0,0,34.0,13.2,16.0
2026-07-04,P22,52,5,1,0,44.9,11.9,16.2
2026-07-05,P22,52,6,1,0,44.6,12.3,15.3
2026-07-06,P22,52,0,0,0,35.5,13.4,14.9
2026-07-07,P22,52,1,0,0,35.6,11.7,13.8
2026-07-08,P22,52,2,0,0,35.8,12.5,14.5
2026-07-09,P22,52,3,0,0,32.6,12.9,16.1
2026-07-10,P22,52,4,0,0,36.5,12.7,15.2
2026-07-11,P22,52,5,1,0,45.3,14.6,15.6
2026-07-12,P22,52,6,1,0,42.2,12.6,15.1
2026-07-13,P22,52,0,0,0,31.8,12.7,15.7
2026-07-14,P22,52,1,0,0,32.8,13.6,19.1
2026-07-15,P22,52,2,0,0,35.2,11.7,15.7
2026-07-16,P22,52,3,0,0,35.6,12.5,15.8
2026-07-17,P22,52,4,0,0,35.3,11.6,16.5
2026-07-18,P22,52,5,1,0,41.7,14.4,14.9
2026-07-19,P22,52,6,1,0,39.5,13.4,14.1
2026-07-20,P22,52,0,0,0,42.5,13.8,16.6
2026-07-21,P22,52,1,0,0,32.8,13.3,16.7
2026-07-22,P22,52,2,0,0,34.1,12.0,14.8
2026-07-23,P22,52,3,0,0,35.6,13.2,15.1
2026-07-24,P22,52,4,0,0,34.1,13.4,17.3
2026-07-25,P22,52,5,1,0,43.3,12.2,16.5
2026-07-26,P22,52,6,1,0,39.3,12.1,14.7
2026-07-27,P22,52,0,0,0,33.5,12.9,17.1
2026-07-28,P22,52,1,0,0,38.9,14.2,15.3
2026-07-29,P22,52,2,0,0,35.1,12.0,16.2
2026-07-30,P22,52,3,0,0,33.9,13.2,17.0
2026-07-31,P22,52,4,0,0,33.6,13.9,16.5
2026-08-01,P22,52,5,1,0,42.3,11.8,17.7
2026-08-02,P22,52,6,1,0,41.1,14.4,18.2
2026-08-03,P22,52,0,0,0,35.5,12.8,15.5
2026-08-04,P22,52,1,0,0,32.6,13.5,15.0
2026-08-05,P22,52,2,0,0,34.4,14.7,16.0
2026-08-06,P22,52,3,0,0,39.8,14.2,16.8
2026-08-07,P22,52,4,0,0,36.1,14.5,15.5
2026-08-08,P22,52,5,1,0,42.1,12.4,14.3
2026-08-09,P22,52,6,1,0,41.4,12.1,17.0
2026-08-10,P22,52,0,0,0,35.5,12.3,15.1
2026-08-11,P22,52,1,0,0,32.9,11.4,14.4
2026-08-12,P22,52,2,0,0,31.2,12.8,16.2
2026-08-13,P22,52,3,0,0,33.5,12.7,16.4
2026-08-14,P22,52,4,0,0,36.0,12.3,16.2
2026-08-15,P22,52,5,1,0,43.7,10.8,17.2
2026-08-16,P22,52,6,1,0,44.4,13.0,16.5
2026-08-17,P22,52,0,0,0,37.4,11.3,18.7
2026-08-18,P22,52,1,0,0,33.3,11.5,13.4
2026-08-19,P22,52,2,0,0,32.6,12.6,15.0
2026-08-20,P22,52,3,0,0,31.9,13.3,13.1
2026-08-21,P22,52,4,0,0,32.3,14.7,16.3
2026-08-22,P22,52,5,1,0,42.7,12.8,16.0
2026-08-23,P22,52,6,1,0,44.5,12.7,16.0
2026-08-24,P22,52,0,0,0,34.9,12.0,15.0
2026-08-25,P22,52,1,0,0,37.0,11.7,15.8
2026-08-26,P22,52,2,0,0,31.9,11.2,14.5
2026-08-27,P22,52,3,0,0,33.5,12.9,17.4
2026-08-28,P22,52,4,0,0,33.6,12.4,15.3
2026-08-29,P22,52,5,1,0,46.7,13.4,15.2
2026-08-30,P22,52,6,1,0,44.5,12.1,16.2
2026-08-31,P22,52,0,0,0,32.3,11.2,15.2
2026-09-01,P22,52,1,0,0,33.6,11.8,15.3
2026-09-02,P22,52,2,0,0,34.5,11.6,17.1
2026-09-03,P22,52,3,0,0,35.6,12.5,15.9
2026-09-04,P22,52,4,0,0,36.8,13.5,16.7
2026-09-05,P22,52,5,1,0,42.0,14.5,15.2
2026-09-06,P22,52,6,1,0,45.3,13.0,15.7
2026-09-07,P22,52,0,0,0,36.2,11.7,13.3
2026-09-08,P22,52,1,0,0,37.5,13.2,15.7
2026-09-09,P22,52,2,0,0,35.4,12.0,17.7
2026-09-10,P22,52,3,0,0,34.9,11.7,17.1
2026-09-11,P22,52,4,0,0,37.0,14.2,13.5
2026-09-12,P22,52,5,1,0,42.6,12.1,16.4
2026-09-13,P22,52,6,1,0,45.6,12.2,15.3
2026-09-14,P22,52,0,0,0,35.3,13.3,17.3
2026-03-19,P23,49,3,0,0,29.8,10.6,14.8
2026-03-20,P23,49,4,0,0,31.4,13.0,14.2
2026-03-21,P23,49,5,1,0,41.7,11.2,17.6
2026-03-22,P23,49,6,1,0,39.5,11.2,17.2
2026-03-23,P23,49,0,0,0,36.6,11.5,14.2
2026-03-24,P23,49,1,0,0,32.8,11.9,14.8
2026-03-25,P23,49,2,0,0,32.5,13.0,13.8
2026-03-26,P23,49,3,0,0,36.6,10.0,12.8
2026-03-27,P23,49,4,0,0,34.4,12.2,16.2
2026-03-28,P23,49,5,1,0,43.5,12.0,12.7
2026-03-29,P23,49,6,1,0,42.1,11.6,15.2
2026-03-30,P23,49,0,0,0,29.8,11.4,15.3
2026-03-31,P23,49,1,0,0,32.9,11.5,15.7
2026-04-01,P23,49,2,0,0,32.2,12.2,14.4
2026-04-02,P23,49,3,0,0,32.2,9.6,15.5
2026-04-03,P23,49,4,0,0,34.3,11.1,13.0
2026-04-04,P23,49,5,1,0,41.7,11.9,14.6
2026-04-05,P23,49,6,1,0,41.5,11.1,13.8
2026-04-06,P23,49,0,0,0,31.7,11.2,16.2
2026-04-07,P23,49,1,0,0,34.8,11.5,14.9
2026-04-08,P23,49,2,0,0,36.8,11.6,14.3
2026-04-09,P23,49,3,0,0,33.8,12.8,14.7
2026-04-10,P23,49,4,0,0,33.3,11.5,13.3
2026-04-11,P23,49,5,1,0,41.2,12.9,13.5
2026-04-12,P23,49,6,1,0,41.6,10.3,14.9
2026-04-13,P23,49,0,0,0,33.4,13.1,14.8
2026-04-14,P23,49,1,0,0,31.0,11.3,16.0
2026-04-15,P23,49,2,0,0,30.4,13.1,12.2
2026-04-16,P23,49,3,0,0,30.1,12.5,15.4
2026-04-17,P23,49,4,0,0,31.4,11.7,13.9
2026-04-18,P23,49,5,1,0,40.7,13.0,12.8
2026-04-19,P23,49,6,1,0,42.5,12.2,14.7
2026-04-20,P23,49,0,0,0,35.4,12.9,14.9
2026-04-21,P23,49,1,0,0,34.8,10.7,13.8
2026-04-22,P23,49,2,0,0,35.2,12.8,14.4
2026-04-23,P23,49,3,0,0,30.1,12.3,13.8
2026-04-24,P23,49,4,0,0,28.1,11.6,13.6
2026-04-25,P23,49,5,1,0,42.5,10.4,13.7
2026-04-26,P23,49,6,1,0,43.1,11.5,16.3
2026-04-27,P23,49,0,0,0,34.8,10.9,16.1
2026-04-28,P23,49,1,0,0,34.2,11.3,13.3
2026-04-29,P23,49,2,0,0,34.5,10.9,16.5
2026-04-30,P23,49,3,0,0,34.1,10.8,12.0
2026-05-01,P23,49,4,0,0,31.9,12.3,13.3
2026-05-02,P23,49,5,1,0,41.2,10.4,16.3
2026-05-03,P23,49,6,1,0,41.1,14.1,15.2
2026-05-04,P23,49,0,0,0,36.1,13.1,15.4
2026-05-05,P23,49,1,0,0,29.6,12.3,14.1
2026-05-06,P23,49,2,0,0,33.3,11.0,15.7
2026-05-07,P23,49,3,0,0,32.3,11.6,14.9
2026-05-08,P23,49,4,0,0,26.8,12.6,14.6
2026-05-09,P23,49,5,1,0,44.1,12.2,16.8
2026-05-10,P23,49,6,1,0,39.0,11.6,13.9
2026-05-11,P23,49,0,0,0,33.6,12.6,12.7
2026-05-12,P23,49,1,0,0,33.6,11.2,13.3
2026-05-13,P23,49,2,0,0,30.4,12.2,14.1
2026-05-14,P23,49,3,0,0,33.0,11.4,14.5
2026-05-15,P23,49,4,0,0,29.8,11.4,16.1
2026-05-16,P23,49,5,1,0,41.4,12.7,14.6
2026-05-17,P23,49,6,1,0,43.7,10.8,16.5
2026-05-18,P23,49,0,0,0,35.1,10.9,15.8
2026-05-19,P23,49,1,0,0,32.1,12.8,15.8
2026-05-20,P23,49,2,0,0,35.1,11.0,12.9
2026-05-21,P23,49,3,0,0,31.3,10.9,14.5
2026-05-22,P23,49,4,0,0,32.1,11.2,16.1
2026-05-23,P23,49,5,1,0,42.1,12.5,13.9
2026-05-24,P23,49,6,1,0,40.4,13.3,13.6
2026-05-25,P23,49,0,0,0,32.1,12.2,14.5
2026-05-26,P23,49,1,0,0,36.0,11.4,15.5
2026-05-27,P23,49,2,0,0,31.5,11.5,14.6
2026-05-28,P23,49,3,0,0,34.7,11.8,16.2
2026-05-29,P23,49,4,0,0,33.2,11.5,14.0
2026-05-30,P23,49,5,1,0,37.0,11.9,15.7
2026-05-31,P23,49,6,1,0,40.5,12.0,16.5
2026-06-01,P23,49,0,0,0,32.6,12.0,14.8
2026-06-02,P23,49,1,0,0,32.9,10.5,13.3
2026-06-03,P23,49,2,0,0,30.4,12.4,13.7
2026-06-04,P23,49,3,0,0,31.7,12.6,13.5
2026-06-05,P23,49,4,0,0,29.7,10.4,16.7
2026-06-06,P23,49,5,1,0,40.3,11.1,11.6
2026-06-07,P23,49,6,1,0,41.2,11.1,13.1
2026-06-08,P23,49,0,0,0,35.6,12.6,14.4
2026-06-09,P23,49,1,0,0,29.5,13.7,16.3
2026-06-10,P23,49,2,0,0,35.4,12.5,14.7
2026-06-11,P23,49,3,0,0,31.5,11.7,16.8
2026-06-12,P23,49,4,0,0,32.1,10.8,14.7
2026-06-13,P23,49,5,1,0,39.3,13.4,13.3
2026-06-14,P23,49,6,1,0,38.8,11.6,13.1
2026-06-15,P23,49,0,0,0,27.2,10.9,13.3
2026-06-16,P23,49,1,0,0,33.1,13.1,15.3
2026-06-17,P23,49,2,0,0,30.5,11.9,15.5
2026-06-18,P23,49,3,0,0,32.2,10.7,14.2
2026-06-19,P23,49,4,0,0,34.2,12.1,15.2
2026-06-20,P23,49,5,1,0,39.9,11.7,14.4
2026-06-21,P23,49,6,1,0,40.2,10.6,16.6
2026-06-22,P23,49,0,0,0,31.5,11.6,13.5
2026-06-23,P23,49,1,0,0,31.2,9.7,15.6
2026-06-24,P23,49,2,0,0,32.4,10.7,15.2
2026-06-25,P23,49,3,0,0,31.7,11.1,12.6
2026-06-26,P23,49,4,0,0,30.8,12.3,14.6
2026-06-27,P23,49,5,1,0,37.8,11.5,14.7
2026-06-28,P23,49,6,1,0,40.9,10.7,13.6
2026-06-29,P23,49,0,0,0,31.9,12.2,16.4
2026-06-30,P23,49,1,0,0,32.2,10.3,14.4
2026-07-01,P23,49,2,0,0,32.4,11.1,13.2
2026-07-02,P23,49,3,0,0,30.6,12.1,15.5
2026-07-03,P23,49,4,0,0,31.2,10.9,15.2
2026-07-04,P23,49,5,1,0,41.3,13.0,14.3
2026-07-05,P23,49,6,1,0,42.5,11.5,13.3
2026-07-06,P23,49,0,0,0,34.2,12.4,15.6
2026-07-07,P23,49,1,0,0,34.0,12.3,14.1
2026-07-08,P23,49,2,0,0,28.7,11.2,14.8
2026-07-09,P23,49,3,0,0,31.4,12.2,16.5
2026-07-10,P23,49,4,0,0,32.3,11.0,16.5
2026-07-11,P23,49,5,1,0,40.3,11.8,12.2
2026-07-12,P23,49,6,1,0,37.3,12.7,15.2
2026-07-13,P23,49,0,0,0,35.0,14.0,14.7
2026-07-14,P23,49,1,0,0,32.5,11.7,15.0
2026-07-15,P23,49,2,0,0,34.6,11.1,16.7
2026-07-16,P23,49,3,0,0,28.8,12.3,16.3
2026-07-17,P23,49,4,0,0,33.1,12.4,13.4
2026-07-18,P23,49,5,1,0,43.9,12.9,14.0
2026-07-19,P23,49,6,1,0,37.0,10.9,14.1
2026-07-20,P23,49,0,0,0,28.7,12.1,15.4
2026-07-21,P23,49,1,0,0,32.7,11.6,16.2
2026-07-22,P23,49,2,0,0,33.1,14.0,14.1
2026-07-23,P23,49,3,0,0,33.1,11.1,14.5
2026-07-24,P23,49,4,0,0,34.3,12.3,16.1
2026-07-25,P23,49,5,1,0,42.5,11.2,11.5
2026-07-26,P23,49,6,1,0,36.6,13.8,13.4
2026-07-27,P23,49,0,0,0,34.8,11.3,13.8
2026-07-28,P23,49,1,0,0,33.9,12.7,15.8
2026-07-29,P23,49,2,0,0,31.6,12.6,14.9
2026-07-30,P23,49,3,0,0,36.1,12.2,15.9
2026-07-31,P23,49,4,0,0,29.8,13.5,16.7
2026-08-01,P23,49,5,1,0,39.0,13.1,13.8
2026-08-02,P23,49,6,1,0,41.1,11.5,13.1
2026-08-03,P23,49,0,0,0,32.2,11.3,16.1
2026-08-04,P23,49,1,0,0,30.4,11.3,13.6
2026-08-05,P23,49,2,0,0,34.1,12.1,15.8
2026-08-06,P23,49,3,0,0,31.3,12.0,16.0
2026-08-07,P23,49,4,0,0,31.8,11.5,15.0
2026-08-08,P23,49,5,1,0,41.6,11.9,13.3
2026-08-09,P23,49,6,1,0,39.7,10.8,18.3
2026-08-10,P23,49,0,0,0,33.0,10.2,14.3
2026-08-11,P23,49,1,0,0,30.3,14.0,15.5
2026-08-12,P23,49,2,0,0,31.6,13.0,16.0
2026-08-13,P23,49,3,0,0,31.1,10.9,13.3
2026-08-14,P23,49,4,0,0,31.9,11.8,14.5
2026-08-15,P23,49,5,1,0,41.9,12.1,14.7
2026-08-16,P23,49,6,1,0,42.5,10.1,14.7
2026-08-17,P23,49,0,0,0,30.2,12.2,15.8
2026-08-18,P23,49,1,0,0,31.2,9.9,17.1
2026-08-19,P23,49,2,0,0,35.3,13.0,13.6
2026-08-20,P23,49,3,0,0,33.7,12.1,15.2
2026-08-21,P23,49,4,0,0,35.2,14.0,15.1
2026-08-22,P23,49,5,1,0,41.5,13.2,14.9
2026-08-23,P23,49,6,1,0,40.6,11.9,17.0
2026-08-24,P23,49,0,0,0,35.3,9.5,17.0
2026-08-25,P23,49,1,0,0,32.2,10.6,16.4
2026-08-26,P23,49,2,0,0,33.6,12.0,14.8
2026-08-27,P23,49,3,0,0,35.4,12.6,14.0
2026-08-28,P23,49,4,0,0,29.0,11.0,14.2
2026-08-29,P23,49,5,1,0,39.7,13.0,13.5
2026-08-30,P23,49,6,1,0,40.3,13.3,13.7
2026-08-31,P23,49,0,0,0,33.6,11.5,17.3
2026-09-01,P23,49,1,0,0,33.5,10.8,13.4
2026-09-02,P23,49,2,0,0,30.9,10.7,15.9
2026-09-03,P23,49,3,0,0,29.8,12.3,15.1
2026-09-04,P23,49,4,0,0,35.3,13.4,16.5
2026-09-05,P23,49,5,1,0,39.4,11.9,13.5
2026-09-06,P23,49,6,1,0,44.8,11.8,16.6
2026-09-07,P23,49,0,0,0,34.3,11.4,13.8
2026-09-08,P23,49,1,0,0,32.2,11.4,14.5
2026-09-09,P23,49,2,0,0,35.2,13.0,17.0
2026-09-10,P23,49,3,0,0,29.4,10.8,14.3
2026-09-11,P23,49,4,0,0,37.0,14.1,14.2
2026-09-12,P23,49,5,1,0,40.9,12.1,17.0
2026-09-13,P23,49,6,1,0,42.0,13.3,15.1
2026-09-14,P23,49,0,0,0,31.2,11.1,13.9
2026-03-19,P24,86,3,0,0,60.0,22.5,30.6
2026-03-20,P24,86,4,0,0,59.1,20.9,24.6
2026-03-21,P24,86,5,1,0,72.1,22.2,21.4
2026-03-22,P24,86,6,1,0,67.9,18.5,30.2
2026-03-23,P24,86,0,0,0,59.9,20.0,26.9
2026-03-24,P24,86,1,0,0,61.8,20.0,26.7
2026-03-25,P24,86,2,0,0,56.8,21.3,26.5
2026-03-26,P24,86,3,0,0,59.2,19.8,24.1
2026-03-27,P24,86,4,0,0,58.0,20.3,26.0
2026-03-28,P24,86,5,1,0,75.6,19.9,25.5
2026-03-29,P24,86,6,1,0,72.5,20.6,25.1
2026-03-30,P24,86,0,0,0,53.9,18.5,25.3
2026-03-31,P24,86,1,0,0,60.9,24.1,25.2
2026-04-01,P24,86,2,0,0,58.5,21.7,26.9
2026-04-02,P24,86,3,0,0,53.9,22.2,27.3
2026-04-03,P24,86,4,0,0,51.7,21.6,27.0
2026-04-04,P24,86,5,1,0,68.3,19.2,28.6
2026-04-05,P24,86,6,1,0,73.6,24.1,23.4
2026-04-06,P24,86,0,0,0,55.4,19.7,24.3
2026-04-07,P24,86,1,0,0,54.6,20.7,22.8
2026-04-08,P24,86,2,0,0,54.7,19.8,28.2
2026-04-09,P24,86,3,0,0,56.8,21.6,25.4
2026-04-10,P24,86,4,0,0,53.9,20.4,27.8
2026-04-11,P24,86,5,1,0,75.2,22.7,30.8
2026-04-12,P24,86,6,1,0,78.4,20.7,25.7
2026-04-13,P24,86,0,0,0,57.6,21.1,24.9
2026-04-14,P24,86,1,0,0,51.9,21.4,24.5
2026-04-15,P24,86,2,0,0,56.5,18.2,28.2
2026-04-16,P24,86,3,0,0,52.2,23.9,24.1
2026-04-17,P24,86,4,0,0,58.8,20.6,23.7
2026-04-18,P24,86,5,1,0,68.9,21.8,25.0
2026-04-19,P24,86,6,1,0,74.4,20.6,24.6
2026-04-20,P24,86,0,0,0,57.5,21.8,27.4
2026-04-21,P24,86,1,0,0,63.6,19.5,23.5
2026-04-22,P24,86,2,0,0,60.6,19.5,26.1
2026-04-23,P24,86,3,0,0,53.6,20.0,24.8
2026-04-24,P24,86,4,0,0,58.1,21.4,24.9
2026-04-25,P24,86,5,1,0,69.0,22.2,22.8
2026-04-26,P24,86,6,1,0,70.6,20.4,26.5
2026-04-27,P24,86,0,0,0,61.3,21.7,27.7
2026-04-28,P24,86,1,0,0,54.9,20.6,23.0
2026-04-29,P24,86,2,0,0,58.9,18.9,28.0
2026-04-30,P24,86,3,0,0,56.3,23.5,24.8
2026-05-01,P24,86,4,0,0,56.3,18.4,28.0
2026-05-02,P24,86,5,1,0,72.5,22.4,21.9
2026-05-03,P24,86,6,1,0,72.7,23.4,29.5
2026-05-04,P24,86,0,0,0,53.9,24.3,23.4
2026-05-05,P24,86,1,0,0,53.5,22.5,23.8
2026-05-06,P24,86,2,0,0,57.4,20.1,30.1
2026-05-07,P24,86,3,0,0,57.5,23.8,27.3
2026-05-08,P24,86,4,0,0,54.2,24.1,26.3
2026-05-09,P24,86,5,1,0,73.2,21.5,29.8
2026-05-10,P24,86,6,1,0,66.5,23.5,22.6
2026-05-11,P24,86,0,0,0,53.9,18.2,26.5
2026-05-12,P24,86,1,0,0,56.7,21.5,21.8
2026-05-13,P24,86,2,0,0,54.3,21.8,27.7
2026-05-14,P24,86,3,0,0,52.4,20.3,27.4
2026-05-15,P24,86,4,0,0,60.7,16.1,27.1
2026-05-16,P24,86,5,1,0,68.6,17.4,29.0
2026-05-17,P24,86,6,1,0,70.6,21.8,27.7
2026-05-18,P24,86,0,0,0,57.2,19.9,24.5
2026-05-19,P24,86,1,0,0,59.4,20.9,26.3
2026-05-20,P24,86,2,0,0,54.7,17.9,28.4
2026-05-21,P24,86,3,0,0,55.2,22.2,30.0
2026-05-22,P24,86,4,0,0,65.2,20.0,22.0
2026-05-23,P24,86,5,1,0,68.5,24.2,25.6
2026-05-24,P24,86,6,1,0,73.0,21.1,25.3
2026-05-25,P24,86,0,0,0,60.3,23.8,31.2
2026-05-26,P24,86,1,0,0,58.4,18.4,27.7
2026-05-27,P24,86,2,0,0,56.4,19.8,21.0
2026-05-28,P24,86,3,0,0,61.1,21.9,26.1
2026-05-29,P24,86,4,0,0,56.5,22.1,24.6
2026-05-30,P24,86,5,1,0,74.6,23.6,26.5
2026-05-31,P24,86,6,1,0,74.0,17.1,25.4
2026-06-01,P24,86,0,0,0,49.7,21.0,27.4
2026-06-02,P24,86,1,0,0,57.9,20.1,28.1
2026-06-03,P24,86,2,0,0,56.2,21.0,25.9
2026-06-04,P24,86,3,0,0,51.3,20.1,26.2
2026-06-05,P24,86,4,0,0,55.4,20.5,28.8
2026-06-06,P24,86,5,1,0,70.7,20.7,25.5
2026-06-07,P24,86,6,1,0,65.9,23.2,25.5
2026-06-08,P24,86,0,0,0,57.7,19.6,23.1
2026-06-09,P24,86,1,0,0,53.9,23.3,28.2
2026-06-10,P24,86,2,0,0,52.3,19.5,27.0
2026-06-11,P24,86,3,0,0,62.2,19.8,23.7
2026-06-12,P24,86,4,0,0,55.8,20.4,30.5
2026-06-13,P24,86,5,1,0,72.6,20.4,25.0
2026-06-14,P24,86,6,1,0,68.8,19.9,25.9
2026-06-15,P24,86,0,0,0,59.4,18.0,26.6
2026-06-16,P24,86,1,0,0,57.9,20.1,26.8
2026-06-17,P24,86,2,0,0,59.0,18.0,26.1
2026-06-18,P24,86,3,0,0,56.7,23.8,26.3
2026-06-19,P24,86,4,0,0,60.3,19.1,27.6
2026-06-20,P24,86,5,1,0,75.4,22.0,24.3
2026-06-21,P24,86,6,1,0,75.6,18.7,26.8
2026-06-22,P24,86,0,0,0,58.2,20.4,24.6
2026-06-23,P24,86,1,0,0,57.1,20.1,30.2
2026-06-24,P24,86,2,0,0,61.7,23.7,26.0
2026-06-25,P24,86,3,0,0,57.2,21.3,27.6
2026-06-26,P24,86,4,0,0,58.5,18.9,25.5
2026-06-27,P24,86,5,1,0,74.7,25.4,24.9
2026-06-28,P24,86,6,1,0,70.0,20.2,29.0
2026-06-29,P24,86,0,0,0,57.9,20.3,26.0
2026-06-30,P24,86,1,0,0,57.4,21.3,27.2
2026-07-01,P24,86,2,0,0,59.7,22.4,29.1
2026-07-02,P24,86,3,0,0,56.2,20.6,25.2
2026-07-03,P24,86,4,0,0,58.3,22.1,27.2
2026-07-04,P24,86,5,1,0,71.3,19.3,23.9
2026-07-05,P24,86,6,1,0,68.1,19.6,25.5
2026-07-06,P24,86,0,0,0,60.6,22.0,22.9
2026-07-07,P24,86,1,0,0,52.2,20.3,27.5
2026-07-08,P24,86,2,0,0,56.6,20.8,25.2
2026-07-09,P24,86,3,0,0,60.0,21.3,25.6
2026-07-10,P24,86,4,0,0,52.4,21.0,25.2
2026-07-11,P24,86,5,1,0,71.9,18.1,29.4
2026-07-12,P24,86,6,1,0,71.8,22.6,27.4
2026-07-13,P24,86,0,0,0,59.9,20.0,24.6
2026-07-14,P24,86,1,0,0,52.4,21.9,26.6
2026-07-15,P24,86,2,0,0,59.1,19.2,25.8
2026-07-16,P24,86,3,0,0,53.2,17.9,26.0
2026-07-17,P24,86,4,0,0,52.1,26.5,27.0
2026-07-18,P24,86,5,1,0,75.6,22.3,26.5
2026-07-19,P24,86,6,1,0,67.6,21.2,29.5
2026-07-20,P24,86,0,0,0,54.0,22.6,25.5
2026-07-21,P24,86,1,0,0,60.1,19.7,28.1
2026-07-22,P24,86,2,0,0,61.5,20.4,26.2
2026-07-23,P24,86,3,0,0,59.0,21.9,28.9
2026-07-24,P24,86,4,0,0,56.8,20.5,26.2
2026-07-25,P24,86,5,1,0,72.7,18.4,27.2
2026-07-26,P24,86,6,1,0,75.4,21.1,26.8
2026-07-27,P24,86,0,0,0,55.6,21.4,25.7
2026-07-28,P24,86,1,0,0,57.7,19.7,27.1
2026-07-29,P24,86,2,0,0,61.2,20.2,26.3
2026-07-30,P24,86,3,0,0,61.0,20.5,23.8
2026-07-31,P24,86,4,0,0,59.0,20.4,26.7
2026-08-01,P24,86,5,1,0,71.1,21.4,25.8
2026-08-02,P24,86,6,1,0,69.6,22.5,25.6
2026-08-03,P24,86,0,0,0,59.5,23.6,24.6
2026-08-04,P24,86,1,0,0,56.6,20.9,25.5
2026-08-05,P24,86,2,0,0,59.0,19.0,23.6
2026-08-06,P24,86,3,0,0,55.5,21.1,27.1
2026-08-07,P24,86,4,0,0,59.1,20.3,22.2
2026-08-08,P24,86,5,1,0,73.5,19.6,26.7
2026-08-09,P24,86,6,1,0,71.1,19.1,26.7
2026-08-10,P24,86,0,0,0,57.9,22.2,26.4
2026-08-11,P24,86,1,0,0,64.0,19.3,30.2
2026-08-12,P24,86,2,0,0,63.0,20.3,23.4
2026-08-13,P24,86,3,0,0,55.6,20.2,27.1
2026-08-14,P24,86,4,0,0,59.2,21.8,22.2
2026-08-15,P24,86,5,1,0,64.6,21.1,28.7
2026-08-16,P24,86,6,1,0,71.9,23.8,23.6
2026-08-17,P24,86,0,0,0,57.4,22.7,26.3
2026-08-18,P24,86,1,0,0,61.8,22.3,25.3
2026-08-19,P24,86,2,0,0,56.1,18.5,26.1
2026-08-20,P24,86,3,0,0,63.8,18.1,25.7
2026-08-21,P24,86,4,0,0,60.8,21.3,22.3
2026-08-22,P24,86,5,1,0,71.1,21.7,26.4
2026-08-23,P24,86,6,1,0,70.4,20.8,28.9
2026-08-24,P24,86,0,0,0,54.1,23.5,24.8
2026-08-25,P24,86,1,0,0,57.3,20.6,27.8
2026-08-26,P24,86,2,0,0,61.7,20.6,22.2
2026-08-27,P24,86,3,0,0,55.6,18.2,21.8
2026-08-28,P24,86,4,0,0,55.7,20.3,25.6
2026-08-29,P24,86,5,1,0,65.8,21.8,29.4
2026-08-30,P24,86,6,1,0,70.1,23.6,22.6
2026-08-31,P24,86,0,0,0,60.0,22.0,26.1
2026-09-01,P24,86,1,0,0,57.6,21.1,23.9
2026-09-02,P24,86,2,0,0,52.4,22.4,27.1
2026-09-03,P24,86,3,0,0,58.7,20.3,24.1
2026-09-04,P24,86,4,0,0,54.0,18.4,24.0
2026-09-05,P24,86,5,1,0,73.5,21.6,25.4
2026-09-06,P24,86,6,1,0,76.7,19.8,26.3
2026-09-07,P24,86,0,0,0,63.0,23.8,28.9
2026-09-08,P24,86,1,0,0,61.9,19.3,25.3
2026-09-09,P24,86,2,0,0,54.9,23.2,23.2
2026-09-10,P24,86,3,0,0,55.6,19.7,24.3
2026-09-11,P24,86,4,0,0,54.1,23.6,27.6
2026-09-12,P24,86,5,1,0,72.0,18.8,24.9
2026-09-13,P24,86,6,1,0,72.2,20.4,25.7
2026-09-14,P24,86,0,0,0,55.3,21.3,26.3
2026-03-19,P25,77,3,0,0,53.4,20.1,24.6
2026-03-20,P25,77,4,0,0,50.4,18.8,18.3
2026-03-21,P25,77,5,1,0,62.4,19.9,23.3
2026-03-22,P25,77,6,1,0,60.5,16.9,22.7
2026-03-23,P25,77,0,0,0,49.3,17.5,25.2
2026-03-24,P25,77,1,0,0,56.0,19.3,21.4
2026-03-25,P25,77,2,0,0,56.3,20.8,23.2
2026-03-26,P25,77,3,0,0,53.5,17.5,21.4
2026-03-27,P25,77,4,0,0,56.9,19.6,23.4
2026-03-28,P25,77,5,1,0,65.0,18.9,24.6
2026-03-29,P25,77,6,1,0,67.6,21.1,21.7
2026-03-30,P25,77,0,0,0,51.3,18.7,20.5
2026-03-31,P25,77,1,0,0,56.5,18.9,20.5
2026-04-01,P25,77,2,0,0,51.5,18.0,21.1
2026-04-02,P25,77,3,0,0,55.2,19.1,23.9
2026-04-03,P25,77,4,0,0,55.2,21.0,23.4
2026-04-04,P25,77,5,1,0,61.5,17.9,24.2
2026-04-05,P25,77,6,1,0,63.0,19.1,25.5
2026-04-06,P25,77,0,0,0,55.6,17.4,22.8
2026-04-07,P25,77,1,0,0,55.1,17.8,23.2
2026-04-08,P25,77,2,0,0,52.5,20.6,22.5
2026-04-09,P25,77,3,0,0,53.6,18.6,24.2
2026-04-10,P25,77,4,0,0,51.1,19.0,21.1
2026-04-11,P25,77,5,1,0,61.4,17.1,23.2
2026-04-12,P25,77,6,1,0,64.4,19.0,24.3
2026-04-13,P25,77,0,0,0,46.5,19.3,22.4
2026-04-14,P25,77,1,0,0,46.6,17.6,24.7
2026-04-15,P25,77,2,0,0,47.3,20.7,21.1
2026-04-16,P25,77,3,0,0,50.6,19.0,21.6
2026-04-17,P25,77,4,0,0,48.4,19.5,22.4
2026-04-18,P25,77,5,1,0,61.4,18.6,23.5
2026-04-19,P25,77,6,1,0,66.0,17.8,25.2
2026-04-20,P25,77,0,0,0,50.3,16.3,21.5
2026-04-21,P25,77,1,0,0,52.1,18.7,19.1
2026-04-22,P25,77,2,0,0,47.1,18.9,24.1
2026-04-23,P25,77,3,0,0,46.9,19.2,23.0
2026-04-24,P25,77,4,0,0,51.3,18.7,23.9
2026-04-25,P25,77,5,1,0,64.3,19.8,23.4
2026-04-26,P25,77,6,1,0,67.4,18.6,22.7
2026-04-27,P25,77,0,0,0,43.5,19.8,24.3
2026-04-28,P25,77,1,0,0,46.3,15.5,23.2
2026-04-29,P25,77,2,0,0,48.3,18.2,26.0
2026-04-30,P25,77,3,0,0,51.0,19.0,24.1
2026-05-01,P25,77,4,0,0,52.4,15.3,24.5
2026-05-02,P25,77,5,1,0,70.9,18.3,25.2
2026-05-03,P25,77,6,1,0,67.1,21.2,22.3
2026-05-04,P25,77,0,0,0,56.5,16.3,23.7
2026-05-05,P25,77,1,0,0,52.6,18.4,21.3
2026-05-06,P25,77,2,0,0,54.8,17.1,23.2
2026-05-07,P25,77,3,0,0,51.9,18.1,23.0
2026-05-08,P25,77,4,0,0,50.5,17.7,21.8
2026-05-09,P25,77,5,1,0,65.9,20.2,23.8
2026-05-10,P25,77,6,1,0,62.2,18.8,27.3
2026-05-11,P25,77,0,0,0,51.8,16.5,19.4
2026-05-12,P25,77,1,0,0,54.7,17.0,23.1
2026-05-13,P25,77,2,0,0,49.2,18.4,26.1
2026-05-14,P25,77,3,0,0,53.2,18.4,22.0
2026-05-15,P25,77,4,0,0,46.0,19.1,23.3
2026-05-16,P25,77,5,1,0,58.5,17.5,20.6
2026-05-17,P25,77,6,1,0,62.3,19.3,20.4
2026-05-18,P25,77,0,0,0,51.1,17.4,24.8
2026-05-19,P25,77,1,0,0,52.8,19.4,21.2
2026-05-20,P25,77,2,0,0,46.6,20.9,23.0
2026-05-21,P25,77,3,0,0,47.5,17.7,25.7
2026-05-22,P25,77,4,0,0,47.9,19.7,19.6
2026-05-23,P25,77,5,1,0,70.4,18.7,22.3
2026-05-24,P25,77,6,1,0,61.1,15.9,22.4
2026-05-25,P25,77,0,0,0,48.4,19.3,23.1
2026-05-26,P25,77,1,0,0,51.2,19.5,25.7
2026-05-27,P25,77,2,0,0,49.2,16.9,24.0
2026-05-28,P25,77,3,0,0,48.5,15.8,21.0
2026-05-29,P25,77,4,0,0,57.0,19.5,23.2
2026-05-30,P25,77,5,1,0,61.7,20.4,23.2
2026-05-31,P25,77,6,1,0,58.1,15.0,21.0
2026-06-01,P25,77,0,0,0,52.8,16.0,20.5
2026-06-02,P25,77,1,0,0,54.7,22.0,19.4
2026-06-03,P25,77,2,0,0,47.7,18.1,22.0
2026-06-04,P25,77,3,0,0,50.2,15.3,21.9
2026-06-05,P25,77,4,0,0,51.0,16.4,23.8
2026-06-06,P25,77,5,1,0,60.6,17.3,26.5
2026-06-07,P25,77,6,1,0,59.0,21.1,19.9
2026-06-08,P25,77,0,0,0,50.4,18.9,25.0
2026-06-09,P25,77,1,0,0,47.0,20.0,25.4
2026-06-10,P25,77,2,0,0,54.0,15.9,24.3
2026-06-11,P25,77,3,0,0,52.8,18.1,26.6
2026-06-12,P25,77,4,0,0,51.3,17.9,23.3
2026-06-13,P25,77,5,1,0,64.8,19.1,24.6
2026-06-14,P25,77,6,1,0,63.4,16.3,25.2
2026-06-15,P25,77,0,0,0,49.9,18.5,23.5
2026-06-16,P25,77,1,0,0,50.6,19.4,23.5
2026-06-17,P25,77,2,0,0,53.4,21.0,24.6
2026-06-18,P25,77,3,0,0,52.3,20.1,22.7
2026-06-19,P25,77,4,0,0,49.3,19.8,22.8
2026-06-20,P25,77,5,1,0,61.6,17.9,24.1
2026-06-21,P25,77,6,1,0,60.4,19.5,20.7
2026-06-22,P25,77,0,0,0,51.8,20.3,23.9
2026-06-23,P25,77,1,0,0,53.9,18.9,26.1
2026-06-24,P25,77,2,0,0,52.2,19.6,21.9
2026-06-25,P25,77,3,0,0,49.9,18.5,22.3
2026-06-26,P25,77,4,0,0,47.3,16.3,27.3
2026-06-27,P25,77,5,1,0,63.4,18.7,25.4
2026-06-28,P25,77,6,1,0,64.9,20.0,22.1
2026-06-29,P25,77,0,0,0,50.0,18.5,22.8
2026-06-30,P25,77,1,0,0,46.4,20.1,22.3
2026-07-01,P25,77,2,0,0,51.2,17.5,23.8
2026-07-02,P25,77,3,0,0,51.2,17.7,26.3
2026-07-03,P25,77,4,0,0,52.6,17.8,23.1
2026-07-04,P25,77,5,1,0,64.3,20.7,26.0
2026-07-05,P25,77,6,1,0,65.5,15.2,21.2
2026-07-06,P25,77,0,0,0,52.5,16.4,24.0
2026-07-07,P25,77,1,0,0,45.9,20.8,23.0
2026-07-08,P25,77,2,0,0,50.5,16.7,21.8
2026-07-09,P25,77,3,0,0,44.6,18.8,23.0
2026-07-10,P25,77,4,0,0,53.0,18.3,24.9
2026-07-11,P25,77,5,1,0,65.5,19.2,23.9
2026-07-12,P25,77,6,1,0,62.3,18.5,23.3
2026-07-13,P25,77,0,0,0,52.2,16.0,26.0
2026-07-14,P25,77,1,0,0,48.3,19.6,23.6
2026-07-15,P25,77,2,0,0,48.8,20.5,24.1
2026-07-16,P25,77,3,0,0,49.4,16.5,24.3
2026-07-17,P25,77,4,0,0,52.5,18.3,25.3
2026-07-18,P25,77,5,1,0,68.0,20.5,22.5
2026-07-19,P25,77,6,1,0,61.4,19.2,23.2
2026-07-20,P25,77,0,0,0,50.7,16.4,22.8
2026-07-21,P25,77,1,0,0,50.3,18.1,21.8
2026-07-22,P25,77,2,0,0,51.7,17.2,22.6
2026-07-23,P25,77,3,0,0,53.5,19.1,25.0
2026-07-24,P25,77,4,0,0,50.3,15.9,25.7
2026-07-25,P25,77,5,1,0,69.3,17.0,24.1
2026-07-26,P25,77,6,1,0,65.3,16.6,22.1
2026-07-27,P25,77,0,0,0,41.5,20.3,22.3
2026-07-28,P25,77,1,0,0,53.0,21.0,24.6
2026-07-29,P25,77,2,0,0,52.5,20.1,22.0
2026-07-30,P25,77,3,0,0,50.4,19.1,24.1
2026-07-31,P25,77,4,0,0,51.1,18.4,26.4
2026-08-01,P25,77,5,1,0,66.1,20.3,25.1
2026-08-02,P25,77,6,1,0,63.7,18.5,24.0
2026-08-03,P25,77,0,0,0,50.1,21.2,21.5
2026-08-04,P25,77,1,0,0,51.9,17.7,21.2
2026-08-05,P25,77,2,0,0,51.8,19.8,24.4
2026-08-06,P25,77,3,0,0,48.7,17.3,23.6
2026-08-07,P25,77,4,0,0,49.6,19.9,24.9
2026-08-08,P25,77,5,1,0,64.8,18.2,17.8
2026-08-09,P25,77,6,1,0,63.3,17.6,22.7
2026-08-10,P25,77,0,0,0,51.4,15.8,22.4
2026-08-11,P25,77,1,0,0,52.9,18.6,24.0
2026-08-12,P25,77,2,0,0,45.6,19.9,23.4
2026-08-13,P25,77,3,0,0,50.5,17.0,19.5
2026-08-14,P25,77,4,0,0,48.0,19.9,25.4
2026-08-15,P25,77,5,1,0,60.3,20.1,25.1
2026-08-16,P25,77,6,1,0,65.7,15.6,21.4
2026-08-17,P25,77,0,0,0,47.2,19.7,25.4
2026-08-18,P25,77,1,0,0,50.0,21.1,22.9
2026-08-19,P25,77,2,0,0,51.6,19.2,23.6
2026-08-20,P25,77,3,0,0,52.6,18.1,22.2
2026-08-21,P25,77,4,0,0,49.0,17.3,24.6
2026-08-22,P25,77,5,1,0,66.5,15.5,22.5
2026-08-23,P25,77,6,1,0,67.7,18.0,24.7
2026-08-24,P25,77,0,0,0,54.8,18.1,20.5
2026-08-25,P25,77,1,0,0,55.3,17.8,20.6
2026-08-26,P25,77,2,0,0,55.0,17.7,22.0
2026-08-27,P25,77,3,0,0,47.9,18.0,23.5
2026-08-28,P25,77,4,0,0,48.4,18.7,20.7
2026-08-29,P25,77,5,1,0,63.6,18.6,24.8
2026-08-30,P25,77,6,1,0,63.7,19.9,21.7
2026-08-31,P25,77,0,0,0,51.0,21.3,21.0
2026-09-01,P25,77,1,0,0,48.7,18.1,22.1
2026-09-02,P25,77,2,0,0,56.7,17.1,23.1
2026-09-03,P25,77,3,0,0,51.0,20.2,21.6
2026-09-04,P25,77,4,0,0,46.8,19.3,22.7
2026-09-05,P25,77,5,1,0,64.4,17.4,22.6
2026-09-06,P25,77,6,1,0,61.4,17.4,22.9
2026-09-07,P25,77,0,0,0,52.5,16.8,24.7
2026-09-08,P25,77,1,0,0,55.6,20.2,21.4
2026-09-09,P25,77,2,0,0,52.8,21.2,23.9
2026-09-10,P25,77,3,0,0,49.5,17.6,21.6
2026-09-11,P25,77,4,0,0,51.4,20.4,23.0
2026-09-12,P25,77,5,1,0,68.0,17.8,23.1
2026-09-13,P25,77,6,1,0,62.2,17.9,26.6
2026-09-14,P25,77,0,0,0,50.1,18.8,23.3
